2,1732511030,0,163,20,-1,-1,20,180,-1,-1,-1,-1,-1,-1,-1,-1,-1
0,1732511020,0,280,13,-1,-1,13,300,-1,-1,-1,-1,-1,-1,-1,-1,-1
3,1732511035,0,299,18,-1,-1,18,300,-1,-1,-1,-1,-1,-1,-1,-1,-1
51,1732511276,0,169,2,-1,-1,2,180,-1,-1,-1,-1,-1,-1,-1,-1,-1
56,1732511301,0,157,1,-1,-1,1,180,-1,-1,-1,-1,-1,-1,-1,-1,-1
22,1732511131,63,291,1,-1,-1,1,300,-1,-1,-1,-1,-1,-1,-1,-1,-1
75,1732511396,50,59,2,-1,-1,2,60,-1,-1,-1,-1,-1,-1,-1,-1,-1
87,1732511456,0,62,1,-1,-1,1,60,-1,-1,-1,-1,-1,-1,-1,-1,-1
94,1732511491,28,59,2,-1,-1,2,60,-1,-1,-1,-1,-1,-1,-1,-1,-1
6,1732511050,285,244,16,-1,-1,16,300,-1,-1,-1,-1,-1,-1,-1,-1,-1
59,1732511316,19,271,1,-1,-1,1,300,-1,-1,-1,-1,-1,-1,-1,-1,-1
24,1732511141,160,343,5,-1,-1,5,420,-1,-1,-1,-1,-1,-1,-1,-1,-1
5,1732511045,149,487,5,-1,-1,5,600,-1,-1,-1,-1,-1,-1,-1,-1,-1
35,1732511196,487,53,4,-1,-1,4,60,-1,-1,-1,-1,-1,-1,-1,-1,-1
29,1732511166,479,182,6,-1,-1,6,180,-1,-1,-1,-1,-1,-1,-1,-1,-1
77,1732511406,100,348,2,-1,-1,2,420,-1,-1,-1,-1,-1,-1,-1,-1,-1
1,1732511025,0,831,23,-1,-1,23,900,-1,-1,-1,-1,-1,-1,-1,-1,-1
7,1732511055,0,804,1,-1,-1,1,900,-1,-1,-1,-1,-1,-1,-1,-1,-1
88,1732511461,0,504,1,-1,-1,1,600,-1,-1,-1,-1,-1,-1,-1,-1,-1
8,1732511060,134,831,10,-1,-1,10,900,-1,-1,-1,-1,-1,-1,-1,-1,-1
11,1732511075,119,856,2,-1,-1,2,900,-1,-1,-1,-1,-1,-1,-1,-1,-1
18,1732511110,917,165,10,-1,-1,10,180,-1,-1,-1,-1,-1,-1,-1,-1,-1
96,1732511501,328,366,3,-1,-1,3,420,-1,-1,-1,-1,-1,-1,-1,-1,-1
13,1732511085,216,896,7,-1,-1,7,900,-1,-1,-1,-1,-1,-1,-1,-1,-1
4,1732511040,818,383,23,-1,-1,23,420,-1,-1,-1,-1,-1,-1,-1,-1,-1
163,1732511837,215,247,2,-1,-1,2,300,-1,-1,-1,-1,-1,-1,-1,-1,-1
20,1732511120,1073,182,10,-1,-1,10,180,-1,-1,-1,-1,-1,-1,-1,-1,-1
118,1732511612,0,790,1,-1,-1,1,900,-1,-1,-1,-1,-1,-1,-1,-1,-1
238,1732512213,29,176,1,-1,-1,1,180,-1,-1,-1,-1,-1,-1,-1,-1,-1
9,1732511065,516,870,17,-1,-1,17,900,-1,-1,-1,-1,-1,-1,-1,-1,-1
58,1732511311,887,262,4,-1,-1,4,300,-1,-1,-1,-1,-1,-1,-1,-1,-1
181,1732511928,270,300,2,-1,-1,2,300,-1,-1,-1,-1,-1,-1,-1,-1,-1
21,1732511126,1250,177,8,-1,-1,8,180,-1,-1,-1,-1,-1,-1,-1,-1,-1
41,1732511226,512,860,4,-1,-1,4,900,-1,-1,-1,-1,-1,-1,-1,-1,-1
132,1732511682,173,751,2,-1,-1,2,900,-1,-1,-1,-1,-1,-1,-1,-1,-1
15,1732511095,1357,163,13,-1,-1,13,180,-1,-1,-1,-1,-1,-1,-1,-1,-1
97,1732511506,1093,55,4,-1,-1,4,60,-1,-1,-1,-1,-1,-1,-1,-1,-1
194,1732511993,506,158,3,-1,-1,3,180,-1,-1,-1,-1,-1,-1,-1,-1,-1
210,1732512073,303,286,2,-1,-1,2,300,-1,-1,-1,-1,-1,-1,-1,-1,-1
273,1732512389,14,296,1,-1,-1,1,300,-1,-1,-1,-1,-1,-1,-1,-1,-1
146,1732511752,903,51,4,-1,-1,4,60,-1,-1,-1,-1,-1,-1,-1,-1,-1
45,1732511246,583,879,4,-1,-1,4,900,-1,-1,-1,-1,-1,-1,-1,-1,-1
156,1732511802,164,766,2,-1,-1,2,900,-1,-1,-1,-1,-1,-1,-1,-1,-1
159,1732511817,380,567,3,-1,-1,3,600,-1,-1,-1,-1,-1,-1,-1,-1,-1
33,1732511186,1368,250,8,-1,-1,8,300,-1,-1,-1,-1,-1,-1,-1,-1,-1
10,1732511070,1172,588,22,-1,-1,22,600,-1,-1,-1,-1,-1,-1,-1,-1,-1
277,1732512409,422,56,3,-1,-1,3,60,-1,-1,-1,-1,-1,-1,-1,-1,-1
197,1732512008,190,754,1,-1,-1,1,900,-1,-1,-1,-1,-1,-1,-1,-1,-1
296,1732512504,196,265,1,-1,-1,1,300,-1,-1,-1,-1,-1,-1,-1,-1,-1
12,1732511080,1751,148,19,-1,-1,19,180,-1,-1,-1,-1,-1,-1,-1,-1,-1
268,1732512364,369,255,2,-1,-1,2,300,-1,-1,-1,-1,-1,-1,-1,-1,-1
253,1732512288,478,258,3,-1,-1,3,300,-1,-1,-1,-1,-1,-1,-1,-1,-1
64,1732511341,1111,577,4,-1,-1,4,600,-1,-1,-1,-1,-1,-1,-1,-1,-1
183,1732511938,363,737,2,-1,-1,2,900,-1,-1,-1,-1,-1,-1,-1,-1,-1
208,1732512063,596,383,3,-1,-1,3,420,-1,-1,-1,-1,-1,-1,-1,-1,-1
173,1732511887,820,352,4,-1,-1,4,420,-1,-1,-1,-1,-1,-1,-1,-1,-1
54,1732511291,1514,278,8,-1,-1,8,300,-1,-1,-1,-1,-1,-1,-1,-1,-1
307,1732512559,329,247,3,-1,-1,3,300,-1,-1,-1,-1,-1,-1,-1,-1,-1
318,1732512614,375,167,2,-1,-1,2,180,-1,-1,-1,-1,-1,-1,-1,-1,-1
323,1732512639,497,52,3,-1,-1,3,60,-1,-1,-1,-1,-1,-1,-1,-1,-1
211,1732512078,947,170,4,-1,-1,4,180,-1,-1,-1,-1,-1,-1,-1,-1,-1
352,1732512784,373,53,2,-1,-1,2,60,-1,-1,-1,-1,-1,-1,-1,-1,-1
233,1732512188,475,564,2,-1,-1,2,600,-1,-1,-1,-1,-1,-1,-1,-1,-1
82,1732511431,1030,797,4,-1,-1,4,900,-1,-1,-1,-1,-1,-1,-1,-1,-1
198,1732512013,697,553,4,-1,-1,4,600,-1,-1,-1,-1,-1,-1,-1,-1,-1
341,1732512729,224,341,1,-1,-1,1,420,-1,-1,-1,-1,-1,-1,-1,-1,-1
322,1732512634,406,298,2,-1,-1,2,300,-1,-1,-1,-1,-1,-1,-1,-1,-1
66,1732511351,1733,258,7,-1,-1,7,300,-1,-1,-1,-1,-1,-1,-1,-1,-1
27,1732511156,1460,746,13,-1,-1,13,900,-1,-1,-1,-1,-1,-1,-1,-1,-1
270,1732512374,822,170,4,-1,-1,4,180,-1,-1,-1,-1,-1,-1,-1,-1,-1
214,1732512093,514,806,2,-1,-1,2,900,-1,-1,-1,-1,-1,-1,-1,-1,-1
32,1732511181,2182,51,10,-1,-1,10,60,-1,-1,-1,-1,-1,-1,-1,-1,-1
327,1732512659,601,155,4,-1,-1,4,180,-1,-1,-1,-1,-1,-1,-1,-1,-1
386,1732512955,384,172,3,-1,-1,3,180,-1,-1,-1,-1,-1,-1,-1,-1,-1
16,1732511100,1880,541,19,-1,-1,19,600,-1,-1,-1,-1,-1,-1,-1,-1,-1
320,1732512624,420,493,3,-1,-1,3,600,-1,-1,-1,-1,-1,-1,-1,-1,-1
428,1732513165,198,175,3,-1,-1,3,180,-1,-1,-1,-1,-1,-1,-1,-1,-1
422,1732513135,93,339,1,-1,-1,1,420,-1,-1,-1,-1,-1,-1,-1,-1,-1
349,1732512769,598,258,4,-1,-1,4,300,-1,-1,-1,-1,-1,-1,-1,-1,-1
228,1732512163,897,577,4,-1,-1,4,600,-1,-1,-1,-1,-1,-1,-1,-1,-1
442,1732513236,178,245,2,-1,-1,2,300,-1,-1,-1,-1,-1,-1,-1,-1,-1
126,1732511652,1765,253,5,-1,-1,5,300,-1,-1,-1,-1,-1,-1,-1,-1,-1
74,1732511391,1952,390,7,-1,-1,7,420,-1,-1,-1,-1,-1,-1,-1,-1,-1
488,1732513466,72,243,1,-1,-1,1,300,-1,-1,-1,-1,-1,-1,-1,-1,-1
478,1732513416,123,292,3,-1,-1,3,300,-1,-1,-1,-1,-1,-1,-1,-1,-1
38,1732511211,2204,418,9,-1,-1,9,420,-1,-1,-1,-1,-1,-1,-1,-1,-1
85,1732511446,2288,160,6,-1,-1,6,180,-1,-1,-1,-1,-1,-1,-1,-1,-1
526,1732513657,77,164,1,-1,-1,1,180,-1,-1,-1,-1,-1,-1,-1,-1,-1
215,1732512098,932,888,4,-1,-1,4,900,-1,-1,-1,-1,-1,-1,-1,-1,-1
401,1732513030,54,835,1,-1,-1,1,900,-1,-1,-1,-1,-1,-1,-1,-1,-1
540,1732513727,56,172,1,-1,-1,1,180,-1,-1,-1,-1,-1,-1,-1,-1,-1
412,1732513085,143,760,1,-1,-1,1,900,-1,-1,-1,-1,-1,-1,-1,-1,-1
379,1732512920,718,368,4,-1,-1,4,420,-1,-1,-1,-1,-1,-1,-1,-1,-1
373,1732512890,299,843,3,-1,-1,3,900,-1,-1,-1,-1,-1,-1,-1,-1,-1
380,1732512925,286,835,2,-1,-1,2,900,-1,-1,-1,-1,-1,-1,-1,-1,-1
25,1732511146,2376,571,19,-1,-1,19,600,-1,-1,-1,-1,-1,-1,-1,-1,-1
491,1732513481,351,292,2,-1,-1,2,300,-1,-1,-1,-1,-1,-1,-1,-1,-1
340,1732512724,540,874,4,-1,-1,4,900,-1,-1,-1,-1,-1,-1,-1,-1,-1
131,1732511677,1949,519,5,-1,-1,5,600,-1,-1,-1,-1,-1,-1,-1,-1,-1
201,1732512028,2118,56,5,-1,-1,5,60,-1,-1,-1,-1,-1,-1,-1,-1,-1
104,1732511542,2292,389,8,-1,-1,8,420,-1,-1,-1,-1,-1,-1,-1,-1,-1
489,1732513471,189,590,2,-1,-1,2,600,-1,-1,-1,-1,-1,-1,-1,-1,-1
108,1732511562,2334,371,6,-1,-1,6,420,-1,-1,-1,-1,-1,-1,-1,-1,-1
568,1732513867,180,270,2,-1,-1,2,300,-1,-1,-1,-1,-1,-1,-1,-1,-1
455,1732513301,237,780,2,-1,-1,2,900,-1,-1,-1,-1,-1,-1,-1,-1,-1
629,1732514173,52,164,1,-1,-1,1,180,-1,-1,-1,-1,-1,-1,-1,-1,-1
30,1732511171,2924,302,17,-1,-1,17,300,-1,-1,-1,-1,-1,-1,-1,-1,-1
567,1732513862,127,419,2,-1,-1,2,420,-1,-1,-1,-1,-1,-1,-1,-1,-1
448,1732513266,246,896,3,-1,-1,3,900,-1,-1,-1,-1,-1,-1,-1,-1,-1
545,1732513752,80,583,1,-1,-1,1,600,-1,-1,-1,-1,-1,-1,-1,-1,-1
398,1732513015,1124,288,4,-1,-1,4,300,-1,-1,-1,-1,-1,-1,-1,-1,-1
158,1732511812,2107,551,5,-1,-1,5,600,-1,-1,-1,-1,-1,-1,-1,-1,-1
544,1732513747,662,62,3,-1,-1,3,60,-1,-1,-1,-1,-1,-1,-1,-1,-1
202,1732512033,2170,271,5,-1,-1,5,300,-1,-1,-1,-1,-1,-1,-1,-1,-1
675,1732514404,12,59,1,-1,-1,1,60,-1,-1,-1,-1,-1,-1,-1,-1,-1
634,1732514198,121,181,2,-1,-1,2,180,-1,-1,-1,-1,-1,-1,-1,-1,-1
219,1732512118,2353,54,5,-1,-1,5,60,-1,-1,-1,-1,-1,-1,-1,-1,-1
247,1732512258,2217,53,5,-1,-1,5,60,-1,-1,-1,-1,-1,-1,-1,-1,-1
112,1732511582,2687,267,6,-1,-1,6,300,-1,-1,-1,-1,-1,-1,-1,-1,-1
391,1732512980,1027,536,4,-1,-1,4,600,-1,-1,-1,-1,-1,-1,-1,-1,-1
637,1732514213,177,163,1,-1,-1,1,180,-1,-1,-1,-1,-1,-1,-1,-1,-1
149,1732511767,1904,885,5,-1,-1,5,900,-1,-1,-1,-1,-1,-1,-1,-1,-1
554,1732513797,37,731,1,-1,-1,1,900,-1,-1,-1,-1,-1,-1,-1,-1,-1
413,1732513090,1338,164,4,-1,-1,4,180,-1,-1,-1,-1,-1,-1,-1,-1,-1
493,1732513491,542,587,3,-1,-1,3,600,-1,-1,-1,-1,-1,-1,-1,-1,-1
37,1732511206,3192,247,15,-1,-1,15,300,-1,-1,-1,-1,-1,-1,-1,-1,-1
583,1732513942,153,554,2,-1,-1,2,600,-1,-1,-1,-1,-1,-1,-1,-1,-1
605,1732514053,198,404,2,-1,-1,2,420,-1,-1,-1,-1,-1,-1,-1,-1,-1
579,1732513922,0,755,1,-1,-1,1,900,-1,-1,-1,-1,-1,-1,-1,-1,-1
48,1732511261,3385,60,10,-1,-1,10,60,-1,-1,-1,-1,-1,-1,-1,-1,-1
288,1732512464,2066,177,5,-1,-1,5,180,-1,-1,-1,-1,-1,-1,-1,-1,-1
670,1732514378,278,57,2,-1,-1,2,60,-1,-1,-1,-1,-1,-1,-1,-1,-1
630,1732514178,443,159,3,-1,-1,3,180,-1,-1,-1,-1,-1,-1,-1,-1,-1
255,1732512298,2228,285,5,-1,-1,5,300,-1,-1,-1,-1,-1,-1,-1,-1,-1
106,1732511552,2673,590,7,-1,-1,7,600,-1,-1,-1,-1,-1,-1,-1,-1,-1
679,1732514424,358,54,3,-1,-1,3,60,-1,-1,-1,-1,-1,-1,-1,-1,-1
295,1732512499,2094,274,5,-1,-1,5,300,-1,-1,-1,-1,-1,-1,-1,-1,-1
676,1732514409,305,155,2,-1,-1,2,180,-1,-1,-1,-1,-1,-1,-1,-1,-1
596,1732514008,117,759,2,-1,-1,2,900,-1,-1,-1,-1,-1,-1,-1,-1,-1
662,1732514338,312,243,2,-1,-1,2,300,-1,-1,-1,-1,-1,-1,-1,-1,-1
698,1732514519,351,51,2,-1,-1,2,60,-1,-1,-1,-1,-1,-1,-1,-1,-1
643,1732514243,155,545,1,-1,-1,1,600,-1,-1,-1,-1,-1,-1,-1,-1,-1
734,1732514699,186,59,2,-1,-1,2,60,-1,-1,-1,-1,-1,-1,-1,-1,-1
414,1732513095,1450,409,4,-1,-1,4,420,-1,-1,-1,-1,-1,-1,-1,-1,-1
645,1732514253,145,596,1,-1,-1,1,600,-1,-1,-1,-1,-1,-1,-1,-1,-1
580,1732513927,545,561,3,-1,-1,3,600,-1,-1,-1,-1,-1,-1,-1,-1,-1
134,1732511692,2865,487,6,-1,-1,6,600,-1,-1,-1,-1,-1,-1,-1,-1,-1
387,1732512960,1908,178,5,-1,-1,5,180,-1,-1,-1,-1,-1,-1,-1,-1,-1
746,1732514759,135,175,1,-1,-1,1,180,-1,-1,-1,-1,-1,-1,-1,-1,-1
601,1732514033,468,572,3,-1,-1,3,600,-1,-1,-1,-1,-1,-1,-1,-1,-1
726,1732514659,264,180,3,-1,-1,3,180,-1,-1,-1,-1,-1,-1,-1,-1,-1
120,1732511622,2915,587,6,-1,-1,6,600,-1,-1,-1,-1,-1,-1,-1,-1,-1
650,1732514278,131,740,2,-1,-1,2,900,-1,-1,-1,-1,-1,-1,-1,-1,-1
135,1732511697,3348,146,6,-1,-1,6,180,-1,-1,-1,-1,-1,-1,-1,-1,-1
378,1732512915,1897,397,5,-1,-1,5,420,-1,-1,-1,-1,-1,-1,-1,-1,-1
355,1732512800,1909,505,5,-1,-1,5,600,-1,-1,-1,-1,-1,-1,-1,-1,-1
685,1732514454,384,377,3,-1,-1,3,420,-1,-1,-1,-1,-1,-1,-1,-1,-1
109,1732511567,3250,402,7,-1,-1,7,420,-1,-1,-1,-1,-1,-1,-1,-1,-1
612,1732514088,231,901,2,-1,-1,2,900,-1,-1,-1,-1,-1,-1,-1,-1,-1
785,1732514955,40,248,1,-1,-1,1,300,-1,-1,-1,-1,-1,-1,-1,-1,-1
71,1732511376,3331,560,11,-1,-1,11,600,-1,-1,-1,-1,-1,-1,-1,-1,-1
741,1732514734,340,263,3,-1,-1,3,300,-1,-1,-1,-1,-1,-1,-1,-1,-1
793,1732514995,110,244,1,-1,-1,1,300,-1,-1,-1,-1,-1,-1,-1,-1,-1
733,1732514694,252,407,3,-1,-1,3,420,-1,-1,-1,-1,-1,-1,-1,-1,-1
786,1732514960,110,288,1,-1,-1,1,300,-1,-1,-1,-1,-1,-1,-1,-1,-1
753,1732514795,310,263,2,-1,-1,2,300,-1,-1,-1,-1,-1,-1,-1,-1,-1
837,1732515216,6,166,1,-1,-1,1,180,-1,-1,-1,-1,-1,-1,-1,-1,-1
450,1732513276,1771,352,5,-1,-1,5,420,-1,-1,-1,-1,-1,-1,-1,-1,-1
762,1732514840,498,62,3,-1,-1,3,60,-1,-1,-1,-1,-1,-1,-1,-1,-1
768,1732514870,485,62,3,-1,-1,3,60,-1,-1,-1,-1,-1,-1,-1,-1,-1
50,1732511271,3997,155,12,-1,-1,12,180,-1,-1,-1,-1,-1,-1,-1,-1,-1
801,1732515035,366,58,3,-1,-1,3,60,-1,-1,-1,-1,-1,-1,-1,-1,-1
755,1732514805,411,266,3,-1,-1,3,300,-1,-1,-1,-1,-1,-1,-1,-1,-1
335,1732512699,1947,842,5,-1,-1,5,900,-1,-1,-1,-1,-1,-1,-1,-1,-1
547,1732513762,1194,571,4,-1,-1,4,600,-1,-1,-1,-1,-1,-1,-1,-1,-1
229,1732512168,3233,163,6,-1,-1,6,180,-1,-1,-1,-1,-1,-1,-1,-1,-1
196,1732512003,3189,380,6,-1,-1,6,420,-1,-1,-1,-1,-1,-1,-1,-1,-1
863,1732515346,4,266,1,-1,-1,1,300,-1,-1,-1,-1,-1,-1,-1,-1,-1
250,1732512273,3300,55,6,-1,-1,6,60,-1,-1,-1,-1,-1,-1,-1,-1,-1
184,1732511943,3182,511,6,-1,-1,6,600,-1,-1,-1,-1,-1,-1,-1,-1,-1
521,1732513632,1857,168,5,-1,-1,5,180,-1,-1,-1,-1,-1,-1,-1,-1,-1
259,1732512318,3319,161,6,-1,-1,6,180,-1,-1,-1,-1,-1,-1,-1,-1,-1
576,1732513907,1621,286,4,-1,-1,4,300,-1,-1,-1,-1,-1,-1,-1,-1,-1
736,1732514709,325,816,3,-1,-1,3,900,-1,-1,-1,-1,-1,-1,-1,-1,-1
243,1732512238,3327,375,6,-1,-1,6,420,-1,-1,-1,-1,-1,-1,-1,-1,-1
127,1732511657,3563,734,7,-1,-1,7,900,-1,-1,-1,-1,-1,-1,-1,-1,-1
456,1732513306,1905,761,5,-1,-1,5,900,-1,-1,-1,-1,-1,-1,-1,-1,-1
178,1732511912,3717,355,7,-1,-1,7,420,-1,-1,-1,-1,-1,-1,-1,-1,-1
803,1732515045,105,841,2,-1,-1,2,900,-1,-1,-1,-1,-1,-1,-1,-1,-1
804,1732515050,172,789,1,-1,-1,1,900,-1,-1,-1,-1,-1,-1,-1,-1,-1
575,1732513902,1581,560,4,-1,-1,4,600,-1,-1,-1,-1,-1,-1,-1,-1,-1
503,1732513541,1674,860,5,-1,-1,5,900,-1,-1,-1,-1,-1,-1,-1,-1,-1
551,1732513782,1876,419,5,-1,-1,5,420,-1,-1,-1,-1,-1,-1,-1,-1,-1
597,1732514013,2031,57,5,-1,-1,5,60,-1,-1,-1,-1,-1,-1,-1,-1,-1
200,1732512023,3918,180,7,-1,-1,7,180,-1,-1,-1,-1,-1,-1,-1,-1,-1
216,1732512103,3882,164,7,-1,-1,7,180,-1,-1,-1,-1,-1,-1,-1,-1,-1
813,1732515095,323,782,2,-1,-1,2,900,-1,-1,-1,-1,-1,-1,-1,-1,-1
585,1732513952,1863,394,4,-1,-1,4,420,-1,-1,-1,-1,-1,-1,-1,-1,-1
796,1732515010,359,843,3,-1,-1,3,900,-1,-1,-1,-1,-1,-1,-1,-1,-1
213,1732512088,3867,270,7,-1,-1,7,300,-1,-1,-1,-1,-1,-1,-1,-1,-1
870,1732515381,611,251,2,-1,-1,2,300,-1,-1,-1,-1,-1,-1,-1,-1,-1
850,1732515281,179,801,2,-1,-1,2,900,-1,-1,-1,-1,-1,-1,-1,-1,-1
638,1732514218,1884,175,4,-1,-1,4,180,-1,-1,-1,-1,-1,-1,-1,-1,-1
69,1732511366,4059,854,13,-1,-1,13,900,-1,-1,-1,-1,-1,-1,-1,-1,-1
73,1732511386,4894,60,12,-1,-1,12,60,-1,-1,-1,-1,-1,-1,-1,-1,-1
577,1732513912,2061,367,5,-1,-1,5,420,-1,-1,-1,-1,-1,-1,-1,-1,-1
282,1732512434,3792,165,7,-1,-1,7,180,-1,-1,-1,-1,-1,-1,-1,-1,-1
625,1732514153,1926,380,5,-1,-1,5,420,-1,-1,-1,-1,-1,-1,-1,-1,-1
125,1732511647,4475,400,8,-1,-1,8,420,-1,-1,-1,-1,-1,-1,-1,-1,-1
251,1732512278,3873,375,7,-1,-1,7,420,-1,-1,-1,-1,-1,-1,-1,-1,-1
700,1732514529,1749,264,4,-1,-1,4,300,-1,-1,-1,-1,-1,-1,-1,-1,-1
687,1732514464,1746,339,4,-1,-1,4,420,-1,-1,-1,-1,-1,-1,-1,-1,-1
284,1732512444,3948,167,7,-1,-1,7,180,-1,-1,-1,-1,-1,-1,-1,-1,-1
280,1732512424,3375,771,6,-1,-1,6,900,-1,-1,-1,-1,-1,-1,-1,-1,-1
853,1732515296,555,756,2,-1,-1,2,900,-1,-1,-1,-1,-1,-1,-1,-1,-1
304,1732512544,4016,59,7,-1,-1,7,60,-1,-1,-1,-1,-1,-1,-1,-1,-1
151,1732511777,4746,151,8,-1,-1,8,180,-1,-1,-1,-1,-1,-1,-1,-1,-1
929,1732515677,585,412,2,-1,-1,2,420,-1,-1,-1,-1,-1,-1,-1,-1,-1
646,1732514258,2203,262,5,-1,-1,5,300,-1,-1,-1,-1,-1,-1,-1,-1,-1
121,1732511627,5048,54,10,-1,-1,10,60,-1,-1,-1,-1,-1,-1,-1,-1,-1
653,1732514293,2250,250,5,-1,-1,5,300,-1,-1,-1,-1,-1,-1,-1,-1,-1
877,1732515416,785,594,2,-1,-1,2,600,-1,-1,-1,-1,-1,-1,-1,-1,-1
616,1732514108,1968,776,5,-1,-1,5,900,-1,-1,-1,-1,-1,-1,-1,-1,-1
36,1732511201,5140,523,18,-1,-1,18,600,-1,-1,-1,-1,-1,-1,-1,-1,-1
931,1732515687,921,280,2,-1,-1,2,300,-1,-1,-1,-1,-1,-1,-1,-1,-1
884,1732515451,1438,52,3,-1,-1,3,60,-1,-1,-1,-1,-1,-1,-1,-1,-1
966,1732515862,934,156,2,-1,-1,2,180,-1,-1,-1,-1,-1,-1,-1,-1,-1
874,1732515401,812,757,3,-1,-1,3,900,-1,-1,-1,-1,-1,-1,-1,-1,-1
659,1732514323,2530,159,5,-1,-1,5,180,-1,-1,-1,-1,-1,-1,-1,-1,-1
895,1732515506,738,772,2,-1,-1,2,900,-1,-1,-1,-1,-1,-1,-1,-1,-1
658,1732514318,2406,340,5,-1,-1,5,420,-1,-1,-1,-1,-1,-1,-1,-1,-1
382,1732512935,3636,582,6,-1,-1,6,600,-1,-1,-1,-1,-1,-1,-1,-1,-1
39,1732511216,5649,296,17,-1,-1,17,300,-1,-1,-1,-1,-1,-1,-1,-1,-1
677,1732514414,2599,166,5,-1,-1,5,180,-1,-1,-1,-1,-1,-1,-1,-1,-1
385,1732512950,3845,398,6,-1,-1,6,420,-1,-1,-1,-1,-1,-1,-1,-1,-1
981,1732515937,1005,266,2,-1,-1,2,300,-1,-1,-1,-1,-1,-1,-1,-1,-1
399,1732513020,3951,265,6,-1,-1,6,300,-1,-1,-1,-1,-1,-1,-1,-1,-1
458,1732513316,3879,59,6,-1,-1,6,60,-1,-1,-1,-1,-1,-1,-1,-1,-1
293,1732512489,4038,738,6,-1,-1,6,900,-1,-1,-1,-1,-1,-1,-1,-1,-1
715,1732514604,1946,753,4,-1,-1,4,900,-1,-1,-1,-1,-1,-1,-1,-1,-1
403,1732513040,4114,283,6,-1,-1,6,300,-1,-1,-1,-1,-1,-1,-1,-1,-1
42,1732511231,5931,276,16,-1,-1,16,300,-1,-1,-1,-1,-1,-1,-1,-1,-1
324,1732512644,3976,838,7,-1,-1,7,900,-1,-1,-1,-1,-1,-1,-1,-1,-1
43,1732511236,6204,57,16,-1,-1,16,60,-1,-1,-1,-1,-1,-1,-1,-1,-1
344,1732512744,4716,56,7,-1,-1,7,60,-1,-1,-1,-1,-1,-1,-1,-1,-1
483,1732513441,3825,253,6,-1,-1,6,300,-1,-1,-1,-1,-1,-1,-1,-1,-1
559,1732513822,3698,51,6,-1,-1,6,60,-1,-1,-1,-1,-1,-1,-1,-1,-1
486,1732513456,3983,181,6,-1,-1,6,180,-1,-1,-1,-1,-1,-1,-1,-1,-1
141,1732511727,5004,897,9,-1,-1,9,900,-1,-1,-1,-1,-1,-1,-1,-1,-1
49,1732511266,6232,152,14,-1,-1,14,180,-1,-1,-1,-1,-1,-1,-1,-1,-1
565,1732513852,3720,147,6,-1,-1,6,180,-1,-1,-1,-1,-1,-1,-1,-1,-1
409,1732513070,4110,542,6,-1,-1,6,600,-1,-1,-1,-1,-1,-1,-1,-1,-1
618,1732514118,3504,163,6,-1,-1,6,180,-1,-1,-1,-1,-1,-1,-1,-1,-1
170,1732511872,5365,581,8,-1,-1,8,600,-1,-1,-1,-1,-1,-1,-1,-1,-1
223,1732512138,5681,59,8,-1,-1,8,60,-1,-1,-1,-1,-1,-1,-1,-1,-1
333,1732512689,4376,816,7,-1,-1,7,900,-1,-1,-1,-1,-1,-1,-1,-1,-1
80,1732511421,6230,277,11,-1,-1,11,300,-1,-1,-1,-1,-1,-1,-1,-1,-1
358,1732512815,5067,53,7,-1,-1,7,60,-1,-1,-1,-1,-1,-1,-1,-1,-1
635,1732514203,3583,157,6,-1,-1,6,180,-1,-1,-1,-1,-1,-1,-1,-1,-1
739,1732514724,2580,773,4,-1,-1,4,900,-1,-1,-1,-1,-1,-1,-1,-1,-1
477,1732513411,3844,843,6,-1,-1,6,900,-1,-1,-1,-1,-1,-1,-1,-1,-1
620,1732514128,3595,397,6,-1,-1,6,420,-1,-1,-1,-1,-1,-1,-1,-1,-1
153,1732511787,5842,509,9,-1,-1,9,600,-1,-1,-1,-1,-1,-1,-1,-1,-1
370,1732512875,5061,283,7,-1,-1,7,300,-1,-1,-1,-1,-1,-1,-1,-1,-1
712,1732514589,3489,153,5,-1,-1,5,180,-1,-1,-1,-1,-1,-1,-1,-1,-1
724,1732514649,3450,149,6,-1,-1,6,180,-1,-1,-1,-1,-1,-1,-1,-1,-1
742,1732514739,3494,60,5,-1,-1,5,60,-1,-1,-1,-1,-1,-1,-1,-1,-1
84,1732511441,6488,367,11,-1,-1,11,420,-1,-1,-1,-1,-1,-1,-1,-1,-1
179,1732511917,6222,180,9,-1,-1,9,180,-1,-1,-1,-1,-1,-1,-1,-1,-1
145,1732511747,5771,879,9,-1,-1,9,900,-1,-1,-1,-1,-1,-1,-1,-1,-1
276,1732512404,5475,596,8,-1,-1,8,600,-1,-1,-1,-1,-1,-1,-1,-1,-1
738,1732514719,3402,416,6,-1,-1,6,420,-1,-1,-1,-1,-1,-1,-1,-1,-1
758,1732514820,3475,254,4,-1,-1,4,300,-1,-1,-1,-1,-1,-1,-1,-1,-1
176,1732511902,5818,886,9,-1,-1,9,900,-1,-1,-1,-1,-1,-1,-1,-1,-1
754,1732514800,3449,397,5,-1,-1,5,420,-1,-1,-1,-1,-1,-1,-1,-1,-1
86,1732511451,6846,385,12,-1,-1,12,420,-1,-1,-1,-1,-1,-1,-1,-1,-1
759,1732514825,3714,154,5,-1,-1,5,180,-1,-1,-1,-1,-1,-1,-1,-1,-1
98,1732511511,7172,61,12,-1,-1,12,60,-1,-1,-1,-1,-1,-1,-1,-1,-1
694,1732514499,3445,891,5,-1,-1,5,900,-1,-1,-1,-1,-1,-1,-1,-1,-1
285,1732512449,6158,273,9,-1,-1,9,300,-1,-1,-1,-1,-1,-1,-1,-1,-1
301,1732512529,5947,415,8,-1,-1,8,420,-1,-1,-1,-1,-1,-1,-1,-1,-1
155,1732511797,6523,586,10,-1,-1,10,600,-1,-1,-1,-1,-1,-1,-1,-1,-1
760,1732514830,3720,386,5,-1,-1,5,420,-1,-1,-1,-1,-1,-1,-1,-1,-1
789,1732514975,3962,53,5,-1,-1,5,60,-1,-1,-1,-1,-1,-1,-1,-1,-1
389,1732512970,5250,893,7,-1,-1,7,900,-1,-1,-1,-1,-1,-1,-1,-1,-1
234,1732512193,6205,741,9,-1,-1,9,900,-1,-1,-1,-1,-1,-1,-1,-1,-1
115,1732511597,7148,412,12,-1,-1,12,420,-1,-1,-1,-1,-1,-1,-1,-1,-1
775,1732514905,3789,578,6,-1,-1,6,600,-1,-1,-1,-1,-1,-1,-1,-1,-1
309,1732512569,6324,393,8,-1,-1,8,420,-1,-1,-1,-1,-1,-1,-1,-1,-1
777,1732514915,3921,527,5,-1,-1,5,600,-1,-1,-1,-1,-1,-1,-1,-1,-1
776,1732514910,3737,739,4,-1,-1,4,900,-1,-1,-1,-1,-1,-1,-1,-1,-1
797,1732515015,4258,181,6,-1,-1,6,180,-1,-1,-1,-1,-1,-1,-1,-1,-1
129,1732511667,7492,339,12,-1,-1,12,420,-1,-1,-1,-1,-1,-1,-1,-1,-1
802,1732515040,4324,169,5,-1,-1,5,180,-1,-1,-1,-1,-1,-1,-1,-1,-1
332,1732512684,6456,404,9,-1,-1,9,420,-1,-1,-1,-1,-1,-1,-1,-1,-1
798,1732515020,3971,588,5,-1,-1,5,600,-1,-1,-1,-1,-1,-1,-1,-1,-1
875,1732515406,4174,54,5,-1,-1,5,60,-1,-1,-1,-1,-1,-1,-1,-1,-1
348,1732512764,6524,397,8,-1,-1,8,420,-1,-1,-1,-1,-1,-1,-1,-1,-1
437,1732513211,5903,596,7,-1,-1,7,600,-1,-1,-1,-1,-1,-1,-1,-1,-1
161,1732511827,7718,171,10,-1,-1,10,180,-1,-1,-1,-1,-1,-1,-1,-1,-1
306,1732512554,6327,851,8,-1,-1,8,900,-1,-1,-1,-1,-1,-1,-1,-1,-1
346,1732512754,6932,55,9,-1,-1,9,60,-1,-1,-1,-1,-1,-1,-1,-1,-1
124,1732511642,7265,849,11,-1,-1,11,900,-1,-1,-1,-1,-1,-1,-1,-1,-1
169,1732511867,7850,62,10,-1,-1,10,60,-1,-1,-1,-1,-1,-1,-1,-1,-1
846,1732515261,4273,249,4,-1,-1,4,300,-1,-1,-1,-1,-1,-1,-1,-1,-1
818,1732515120,4267,502,4,-1,-1,4,600,-1,-1,-1,-1,-1,-1,-1,-1,-1
139,1732511717,8040,150,11,-1,-1,11,180,-1,-1,-1,-1,-1,-1,-1,-1,-1
887,1732515466,4169,290,4,-1,-1,4,300,-1,-1,-1,-1,-1,-1,-1,-1,-1
185,1732511948,7832,153,10,-1,-1,10,180,-1,-1,-1,-1,-1,-1,-1,-1,-1
889,1732515476,4309,396,4,-1,-1,4,420,-1,-1,-1,-1,-1,-1,-1,-1,-1
465,1732513351,6361,550,7,-1,-1,7,600,-1,-1,-1,-1,-1,-1,-1,-1,-1
956,1732515812,4114,391,4,-1,-1,4,420,-1,-1,-1,-1,-1,-1,-1,-1,-1
845,1732515256,4199,893,4,-1,-1,4,900,-1,-1,-1,-1,-1,-1,-1,-1,-1
92,1732511481,8018,870,14,-1,-1,14,900,-1,-1,-1,-1,-1,-1,-1,-1,-1
53,1732511286,9084,55,18,-1,-1,18,60,-1,-1,-1,-1,-1,-1,-1,-1,-1
968,1732515872,4311,257,4,-1,-1,4,300,-1,-1,-1,-1,-1,-1,-1,-1,-1
150,1732511772,8136,533,11,-1,-1,11,600,-1,-1,-1,-1,-1,-1,-1,-1,-1
891,1732515486,4405,568,4,-1,-1,4,600,-1,-1,-1,-1,-1,-1,-1,-1,-1
365,1732512850,6884,755,8,-1,-1,8,900,-1,-1,-1,-1,-1,-1,-1,-1,-1
858,1732515321,5120,148,6,-1,-1,6,180,-1,-1,-1,-1,-1,-1,-1,-1,-1
350,1732512774,6968,879,9,-1,-1,9,900,-1,-1,-1,-1,-1,-1,-1,-1,-1
192,1732511983,7952,740,10,-1,-1,10,900,-1,-1,-1,-1,-1,-1,-1,-1,-1
507,1732513561,6703,531,7,-1,-1,7,600,-1,-1,-1,-1,-1,-1,-1,-1,-1
57,1732511306,9120,377,16,-1,-1,16,420,-1,-1,-1,-1,-1,-1,-1,-1,-1
996,1732516013,4306,538,4,-1,-1,4,600,-1,-1,-1,-1,-1,-1,-1,-1,-1
152,1732511782,8661,414,11,-1,-1,11,420,-1,-1,-1,-1,-1,-1,-1,-1,-1
262,1732512333,8344,344,10,-1,-1,10,420,-1,-1,-1,-1,-1,-1,-1,-1,-1
130,1732511672,8818,595,12,-1,-1,12,600,-1,-1,-1,-1,-1,-1,-1,-1,-1
76,1732511401,9403,289,16,-1,-1,16,300,-1,-1,-1,-1,-1,-1,-1,-1,-1
147,1732511757,9329,58,12,-1,-1,12,60,-1,-1,-1,-1,-1,-1,-1,-1,-1
81,1732511426,9668,57,16,-1,-1,16,60,-1,-1,-1,-1,-1,-1,-1,-1,-1
140,1732511722,9300,148,12,-1,-1,12,180,-1,-1,-1,-1,-1,-1,-1,-1,-1
242,1732512233,8389,569,10,-1,-1,10,600,-1,-1,-1,-1,-1,-1,-1,-1,-1
101,1732511527,9332,358,13,-1,-1,13,420,-1,-1,-1,-1,-1,-1,-1,-1,-1
122,1732511632,9586,52,13,-1,-1,13,60,-1,-1,-1,-1,-1,-1,-1,-1,-1
91,1732511476,9677,165,17,-1,-1,17,180,-1,-1,-1,-1,-1,-1,-1,-1,-1
175,1732511897,9248,179,11,-1,-1,11,180,-1,-1,-1,-1,-1,-1,-1,-1,-1
896,1732515511,5079,756,5,-1,-1,5,900,-1,-1,-1,-1,-1,-1,-1,-1,-1
518,1732513617,7179,580,7,-1,-1,7,600,-1,-1,-1,-1,-1,-1,-1,-1,-1
182,1732511933,9238,246,11,-1,-1,11,300,-1,-1,-1,-1,-1,-1,-1,-1,-1
905,1732515556,5791,243,5,-1,-1,5,300,-1,-1,-1,-1,-1,-1,-1,-1,-1
207,1732512058,9134,419,11,-1,-1,11,420,-1,-1,-1,-1,-1,-1,-1,-1,-1
212,1732512083,9242,300,11,-1,-1,11,300,-1,-1,-1,-1,-1,-1,-1,-1,-1
239,1732512218,9408,171,11,-1,-1,11,180,-1,-1,-1,-1,-1,-1,-1,-1,-1
225,1732512148,9270,387,11,-1,-1,11,420,-1,-1,-1,-1,-1,-1,-1,-1,-1
906,1732515561,6030,245,5,-1,-1,5,300,-1,-1,-1,-1,-1,-1,-1,-1,-1
264,1732512344,9454,54,11,-1,-1,11,60,-1,-1,-1,-1,-1,-1,-1,-1,-1
290,1732512474,9380,56,10,-1,-1,10,60,-1,-1,-1,-1,-1,-1,-1,-1,-1
566,1732513857,7520,582,7,-1,-1,7,600,-1,-1,-1,-1,-1,-1,-1,-1,-1
900,1732515531,6306,173,6,-1,-1,6,180,-1,-1,-1,-1,-1,-1,-1,-1,-1
292,1732512484,9427,153,11,-1,-1,11,180,-1,-1,-1,-1,-1,-1,-1,-1,-1
160,1732511822,9449,840,13,-1,-1,13,900,-1,-1,-1,-1,-1,-1,-1,-1,-1
227,1732512158,9454,507,11,-1,-1,11,600,-1,-1,-1,-1,-1,-1,-1,-1,-1
279,1732512419,9387,362,10,-1,-1,10,420,-1,-1,-1,-1,-1,-1,-1,-1,-1
93,1732511486,9833,860,17,-1,-1,17,900,-1,-1,-1,-1,-1,-1,-1,-1,-1
940,1732515732,6279,267,6,-1,-1,6,300,-1,-1,-1,-1,-1,-1,-1,-1,-1
117,1732511607,10573,157,17,-1,-1,17,180,-1,-1,-1,-1,-1,-1,-1,-1,-1
294,1732512494,9571,349,10,-1,-1,10,420,-1,-1,-1,-1,-1,-1,-1,-1,-1
604,1732514048,7912,511,7,-1,-1,7,600,-1,-1,-1,-1,-1,-1,-1,-1,-1
941,1732515737,6543,255,5,-1,-1,5,300,-1,-1,-1,-1,-1,-1,-1,-1,-1
943,1732515747,6790,53,5,-1,-1,5,60,-1,-1,-1,-1,-1,-1,-1,-1,-1
351,1732512779,9636,182,10,-1,-1,10,180,-1,-1,-1,-1,-1,-1,-1,-1,-1
102,1732511532,10580,531,14,-1,-1,14,600,-1,-1,-1,-1,-1,-1,-1,-1,-1
119,1732511617,11027,53,15,-1,-1,15,60,-1,-1,-1,-1,-1,-1,-1,-1,-1
353,1732512789,9809,161,9,-1,-1,9,180,-1,-1,-1,-1,-1,-1,-1,-1,-1
361,1732512830,9930,61,10,-1,-1,10,60,-1,-1,-1,-1,-1,-1,-1,-1,-1
608,1732514068,8404,396,7,-1,-1,7,420,-1,-1,-1,-1,-1,-1,-1,-1,-1
610,1732514078,8791,55,7,-1,-1,7,60,-1,-1,-1,-1,-1,-1,-1,-1,-1
314,1732512594,9575,776,11,-1,-1,11,900,-1,-1,-1,-1,-1,-1,-1,-1,-1
299,1732512519,9601,856,10,-1,-1,10,900,-1,-1,-1,-1,-1,-1,-1,-1,-1
89,1732511466,10872,752,18,-1,-1,18,900,-1,-1,-1,-1,-1,-1,-1,-1,-1
142,1732511732,10967,416,14,-1,-1,14,420,-1,-1,-1,-1,-1,-1,-1,-1,-1
368,1732512865,10082,344,10,-1,-1,10,420,-1,-1,-1,-1,-1,-1,-1,-1,-1
17,1732511105,11987,249,20,-1,-1,20,300,-1,-1,-1,-1,-1,-1,-1,-1,-1
979,1732515927,6664,778,5,-1,-1,5,900,-1,-1,-1,-1,-1,-1,-1,-1,-1
157,1732511807,11310,373,15,-1,-1,15,420,-1,-1,-1,-1,-1,-1,-1,-1,-1
626,1732514158,8767,577,7,-1,-1,7,600,-1,-1,-1,-1,-1,-1,-1,-1,-1
381,1732512930,10048,560,8,-1,-1,8,600,-1,-1,-1,-1,-1,-1,-1,-1,-1
392,1732512985,10307,281,10,-1,-1,10,300,-1,-1,-1,-1,-1,-1,-1,-1,-1
461,1732513331,10208,56,8,-1,-1,8,60,-1,-1,-1,-1,-1,-1,-1,-1,-1
162,1732511832,11659,159,14,-1,-1,14,180,-1,-1,-1,-1,-1,-1,-1,-1,-1
423,1732513140,10364,158,8,-1,-1,8,180,-1,-1,-1,-1,-1,-1,-1,-1,-1
367,1732512860,9963,849,10,-1,-1,10,900,-1,-1,-1,-1,-1,-1,-1,-1,-1
165,1732511847,11804,56,13,-1,-1,13,60,-1,-1,-1,-1,-1,-1,-1,-1,-1
395,1732513000,10574,166,9,-1,-1,9,180,-1,-1,-1,-1,-1,-1,-1,-1,-1
995,1732516007,7363,389,5,-1,-1,5,420,-1,-1,-1,-1,-1,-1,-1,-1,-1
471,1732513381,10360,59,9,-1,-1,9,60,-1,-1,-1,-1,-1,-1,-1,-1,-1
405,1732513050,10624,157,10,-1,-1,10,180,-1,-1,-1,-1,-1,-1,-1,-1,-1
438,1732513216,10380,256,9,-1,-1,9,300,-1,-1,-1,-1,-1,-1,-1,-1,-1
481,1732513431,10370,52,9,-1,-1,9,60,-1,-1,-1,-1,-1,-1,-1,-1,-1
31,1732511176,12166,581,20,-1,-1,20,600,-1,-1,-1,-1,-1,-1,-1,-1,-1
221,1732512128,11580,259,13,-1,-1,13,300,-1,-1,-1,-1,-1,-1,-1,-1,-1
23,1732511136,12788,56,21,-1,-1,21,60,-1,-1,-1,-1,-1,-1,-1,-1,-1
497,1732513511,10321,279,8,-1,-1,8,300,-1,-1,-1,-1,-1,-1,-1,-1,-1
427,1732513160,10693,281,11,-1,-1,11,300,-1,-1,-1,-1,-1,-1,-1,-1,-1
28,1732511161,12821,169,21,-1,-1,21,180,-1,-1,-1,-1,-1,-1,-1,-1,-1
457,1732513311,10353,530,9,-1,-1,9,600,-1,-1,-1,-1,-1,-1,-1,-1,-1
501,1732513531,10323,348,8,-1,-1,8,420,-1,-1,-1,-1,-1,-1,-1,-1,-1
999,1732516028,7732,494,5,-1,-1,5,600,-1,-1,-1,-1,-1,-1,-1,-1,-1
226,1732512153,11815,386,13,-1,-1,13,420,-1,-1,-1,-1,-1,-1,-1,-1,-1
550,1732513777,10426,255,8,-1,-1,8,300,-1,-1,-1,-1,-1,-1,-1,-1,-1
452,1732513286,10909,355,11,-1,-1,11,420,-1,-1,-1,-1,-1,-1,-1,-1,-1
474,1732513396,11155,55,11,-1,-1,11,60,-1,-1,-1,-1,-1,-1,-1,-1,-1
572,1732513887,10573,269,8,-1,-1,8,300,-1,-1,-1,-1,-1,-1,-1,-1,-1
90,1732511471,12884,400,18,-1,-1,18,420,-1,-1,-1,-1,-1,-1,-1,-1,-1
105,1732511547,13210,54,18,-1,-1,18,60,-1,-1,-1,-1,-1,-1,-1,-1,-1
490,1732513476,11131,283,11,-1,-1,11,300,-1,-1,-1,-1,-1,-1,-1,-1,-1
513,1732513592,10520,821,8,-1,-1,8,900,-1,-1,-1,-1,-1,-1,-1,-1,-1
429,1732513170,10965,834,11,-1,-1,11,900,-1,-1,-1,-1,-1,-1,-1,-1,-1
34,1732511191,12961,856,19,-1,-1,19,900,-1,-1,-1,-1,-1,-1,-1,-1,-1
231,1732512178,12713,163,12,-1,-1,12,180,-1,-1,-1,-1,-1,-1,-1,-1,-1
509,1732513571,11399,268,10,-1,-1,10,300,-1,-1,-1,-1,-1,-1,-1,-1,-1
573,1732513892,10839,519,8,-1,-1,8,600,-1,-1,-1,-1,-1,-1,-1,-1,-1
235,1732512198,12857,282,13,-1,-1,13,300,-1,-1,-1,-1,-1,-1,-1,-1,-1
502,1732513536,11398,488,9,-1,-1,9,600,-1,-1,-1,-1,-1,-1,-1,-1,-1
40,1732511221,13788,548,19,-1,-1,19,600,-1,-1,-1,-1,-1,-1,-1,-1,-1
123,1732511637,13175,841,16,-1,-1,16,900,-1,-1,-1,-1,-1,-1,-1,-1,-1
531,1732513682,11569,417,9,-1,-1,9,420,-1,-1,-1,-1,-1,-1,-1,-1,-1
257,1732512308,13031,386,12,-1,-1,12,420,-1,-1,-1,-1,-1,-1,-1,-1,-1
516,1732513607,11632,519,9,-1,-1,9,600,-1,-1,-1,-1,-1,-1,-1,-1,-1
549,1732513772,11651,339,9,-1,-1,9,420,-1,-1,-1,-1,-1,-1,-1,-1,-1
274,1732512394,13333,177,12,-1,-1,12,180,-1,-1,-1,-1,-1,-1,-1,-1,-1
137,1732511707,13947,275,17,-1,-1,17,300,-1,-1,-1,-1,-1,-1,-1,-1,-1
46,1732511251,14307,421,19,-1,-1,19,420,-1,-1,-1,-1,-1,-1,-1,-1,-1
261,1732512328,13577,173,13,-1,-1,13,180,-1,-1,-1,-1,-1,-1,-1,-1,-1
47,1732511256,14724,180,20,-1,-1,20,180,-1,-1,-1,-1,-1,-1,-1,-1,-1
272,1732512384,13695,157,13,-1,-1,13,180,-1,-1,-1,-1,-1,-1,-1,-1,-1
558,1732513817,11852,795,9,-1,-1,9,900,-1,-1,-1,-1,-1,-1,-1,-1,-1
68,1732511361,14801,342,19,-1,-1,19,420,-1,-1,-1,-1,-1,-1,-1,-1,-1
592,1732513988,11775,747,8,-1,-1,8,900,-1,-1,-1,-1,-1,-1,-1,-1,-1
632,1732514188,12323,51,8,-1,-1,8,60,-1,-1,-1,-1,-1,-1,-1,-1,-1
644,1732514248,12316,57,7,-1,-1,7,60,-1,-1,-1,-1,-1,-1,-1,-1,-1
582,1732513937,11823,870,9,-1,-1,9,900,-1,-1,-1,-1,-1,-1,-1,-1,-1
138,1732511712,14218,722,16,-1,-1,16,900,-1,-1,-1,-1,-1,-1,-1,-1,-1
72,1732511381,15124,180,19,-1,-1,19,180,-1,-1,-1,-1,-1,-1,-1,-1,-1
99,1732511516,15170,268,19,-1,-1,19,300,-1,-1,-1,-1,-1,-1,-1,-1,-1
660,1732514328,12294,338,7,-1,-1,7,420,-1,-1,-1,-1,-1,-1,-1,-1,-1
244,1732512243,13994,757,14,-1,-1,14,900,-1,-1,-1,-1,-1,-1,-1,-1,-1
661,1732514333,12628,52,7,-1,-1,7,60,-1,-1,-1,-1,-1,-1,-1,-1,-1
603,1732514043,12422,560,9,-1,-1,9,600,-1,-1,-1,-1,-1,-1,-1,-1,-1
143,1732511737,14917,408,16,-1,-1,16,420,-1,-1,-1,-1,-1,-1,-1,-1,-1
681,1732514434,12580,174,7,-1,-1,7,180,-1,-1,-1,-1,-1,-1,-1,-1,-1
555,1732513802,12829,581,10,-1,-1,10,600,-1,-1,-1,-1,-1,-1,-1,-1,-1
107,1732511557,15398,345,19,-1,-1,19,420,-1,-1,-1,-1,-1,-1,-1,-1,-1
590,1732513977,13236,284,10,-1,-1,10,300,-1,-1,-1,-1,-1,-1,-1,-1,-1
265,1732512349,14646,598,14,-1,-1,14,600,-1,-1,-1,-1,-1,-1,-1,-1,-1
172,1732511882,15182,547,16,-1,-1,16,600,-1,-1,-1,-1,-1,-1,-1,-1,-1
113,1732511587,15715,414,19,-1,-1,19,420,-1,-1,-1,-1,-1,-1,-1,-1,-1
631,1732514183,12843,792,9,-1,-1,9,900,-1,-1,-1,-1,-1,-1,-1,-1,-1
709,1732514574,12615,780,7,-1,-1,7,900,-1,-1,-1,-1,-1,-1,-1,-1,-1
633,1732514193,13305,486,10,-1,-1,10,600,-1,-1,-1,-1,-1,-1,-1,-1,-1
654,1732514298,13521,252,10,-1,-1,10,300,-1,-1,-1,-1,-1,-1,-1,-1,-1
278,1732512414,15180,556,12,-1,-1,12,600,-1,-1,-1,-1,-1,-1,-1,-1,-1
154,1732511792,15925,502,18,-1,-1,18,600,-1,-1,-1,-1,-1,-1,-1,-1,-1
669,1732514373,13612,244,8,-1,-1,8,300,-1,-1,-1,-1,-1,-1,-1,-1,-1
164,1732511842,16378,62,18,-1,-1,18,60,-1,-1,-1,-1,-1,-1,-1,-1,-1
136,1732511702,15910,756,18,-1,-1,18,900,-1,-1,-1,-1,-1,-1,-1,-1,-1
684,1732514449,13781,346,8,-1,-1,8,420,-1,-1,-1,-1,-1,-1,-1,-1,-1
174,1732511892,16477,407,15,-1,-1,15,420,-1,-1,-1,-1,-1,-1,-1,-1,-1
166,1732511852,16431,569,18,-1,-1,18,600,-1,-1,-1,-1,-1,-1,-1,-1,-1
737,1732514714,13256,884,7,-1,-1,7,900,-1,-1,-1,-1,-1,-1,-1,-1,-1
315,1732512599,15474,836,12,-1,-1,12,900,-1,-1,-1,-1,-1,-1,-1,-1,-1
326,1732512654,15498,762,12,-1,-1,12,900,-1,-1,-1,-1,-1,-1,-1,-1,-1
591,1732513982,14595,406,11,-1,-1,11,420,-1,-1,-1,-1,-1,-1,-1,-1,-1
836,1732515211,13644,180,7,-1,-1,7,180,-1,-1,-1,-1,-1,-1,-1,-1,-1
354,1732512795,16116,159,12,-1,-1,12,180,-1,-1,-1,-1,-1,-1,-1,-1,-1
649,1732514273,14712,265,11,-1,-1,11,300,-1,-1,-1,-1,-1,-1,-1,-1,-1
359,1732512820,16095,364,12,-1,-1,12,420,-1,-1,-1,-1,-1,-1,-1,-1,-1
689,1732514474,14777,55,11,-1,-1,11,60,-1,-1,-1,-1,-1,-1,-1,-1,-1
363,1732512840,16231,296,12,-1,-1,12,300,-1,-1,-1,-1,-1,-1,-1,-1,-1
843,1732515246,13791,359,7,-1,-1,7,420,-1,-1,-1,-1,-1,-1,-1,-1,-1
186,1732511953,16901,578,18,-1,-1,18,600,-1,-1,-1,-1,-1,-1,-1,-1,-1
697,1732514514,14793,159,11,-1,-1,11,180,-1,-1,-1,-1,-1,-1,-1,-1,-1
404,1732513045,16235,249,12,-1,-1,12,300,-1,-1,-1,-1,-1,-1,-1,-1,-1
180,1732511922,16855,793,15,-1,-1,15,900,-1,-1,-1,-1,-1,-1,-1,-1,-1
199,1732512018,17553,54,15,-1,-1,15,60,-1,-1,-1,-1,-1,-1,-1,-1,-1
411,1732513080,16288,286,12,-1,-1,12,300,-1,-1,-1,-1,-1,-1,-1,-1,-1
275,1732512399,17228,56,15,-1,-1,15,60,-1,-1,-1,-1,-1,-1,-1,-1,-1
848,1732515271,14127,367,7,-1,-1,7,420,-1,-1,-1,-1,-1,-1,-1,-1,-1
330,1732512674,16856,346,13,-1,-1,13,420,-1,-1,-1,-1,-1,-1,-1,-1,-1
433,1732513190,16465,411,12,-1,-1,12,420,-1,-1,-1,-1,-1,-1,-1,-1,-1
706,1732514559,15207,414,8,-1,-1,8,420,-1,-1,-1,-1,-1,-1,-1,-1,-1
305,1732512549,16918,751,13,-1,-1,13,900,-1,-1,-1,-1,-1,-1,-1,-1,-1
459,1732513321,16746,173,12,-1,-1,12,180,-1,-1,-1,-1,-1,-1,-1,-1,-1
334,1732512694,17183,384,13,-1,-1,13,420,-1,-1,-1,-1,-1,-1,-1,-1,-1
187,1732511958,17475,834,15,-1,-1,15,900,-1,-1,-1,-1,-1,-1,-1,-1,-1
728,1732514669,15512,173,8,-1,-1,8,180,-1,-1,-1,-1,-1,-1,-1,-1,-1
342,1732512734,17485,176,13,-1,-1,13,180,-1,-1,-1,-1,-1,-1,-1,-1,-1
480,1732513426,16815,170,12,-1,-1,12,180,-1,-1,-1,-1,-1,-1,-1,-1,-1
316,1732512604,17664,148,14,-1,-1,14,180,-1,-1,-1,-1,-1,-1,-1,-1,-1
313,1732512589,17095,806,14,-1,-1,14,900,-1,-1,-1,-1,-1,-1,-1,-1,-1
345,1732512749,17513,291,13,-1,-1,13,300,-1,-1,-1,-1,-1,-1,-1,-1,-1
377,1732512910,17486,252,13,-1,-1,13,300,-1,-1,-1,-1,-1,-1,-1,-1,-1
400,1732513025,17529,163,13,-1,-1,13,180,-1,-1,-1,-1,-1,-1,-1,-1,-1
743,1732514744,15611,372,9,-1,-1,9,420,-1,-1,-1,-1,-1,-1,-1,-1,-1
504,1732513546,16867,382,12,-1,-1,12,420,-1,-1,-1,-1,-1,-1,-1,-1,-1
417,1732513110,17609,153,13,-1,-1,13,180,-1,-1,-1,-1,-1,-1,-1,-1,-1
406,1732513055,17595,242,13,-1,-1,13,300,-1,-1,-1,-1,-1,-1,-1,-1,-1
397,1732513010,17407,592,13,-1,-1,13,600,-1,-1,-1,-1,-1,-1,-1,-1,-1
364,1732512845,17646,532,15,-1,-1,15,600,-1,-1,-1,-1,-1,-1,-1,-1,-1
434,1732513196,17677,179,13,-1,-1,13,180,-1,-1,-1,-1,-1,-1,-1,-1,-1
523,1732513642,17368,51,13,-1,-1,13,60,-1,-1,-1,-1,-1,-1,-1,-1,-1
468,1732513366,17528,181,13,-1,-1,13,180,-1,-1,-1,-1,-1,-1,-1,-1,-1
556,1732513807,17269,61,13,-1,-1,13,60,-1,-1,-1,-1,-1,-1,-1,-1,-1
744,1732514749,15979,410,9,-1,-1,9,420,-1,-1,-1,-1,-1,-1,-1,-1,-1
467,1732513361,17701,148,14,-1,-1,14,180,-1,-1,-1,-1,-1,-1,-1,-1,-1
500,1732513526,17686,56,14,-1,-1,14,60,-1,-1,-1,-1,-1,-1,-1,-1,-1
542,1732513737,17316,245,12,-1,-1,12,300,-1,-1,-1,-1,-1,-1,-1,-1,-1
704,1732514549,16590,181,10,-1,-1,10,180,-1,-1,-1,-1,-1,-1,-1,-1,-1
508,1732513566,17231,580,12,-1,-1,12,600,-1,-1,-1,-1,-1,-1,-1,-1,-1
528,1732513667,17602,152,14,-1,-1,14,180,-1,-1,-1,-1,-1,-1,-1,-1,-1
606,1732514058,17320,58,12,-1,-1,12,60,-1,-1,-1,-1,-1,-1,-1,-1,-1
533,1732513692,17730,55,14,-1,-1,14,60,-1,-1,-1,-1,-1,-1,-1,-1,-1
595,1732514003,17296,259,12,-1,-1,12,300,-1,-1,-1,-1,-1,-1,-1,-1,-1
394,1732512995,18029,748,15,-1,-1,15,900,-1,-1,-1,-1,-1,-1,-1,-1,-1
416,1732513105,18373,368,15,-1,-1,15,420,-1,-1,-1,-1,-1,-1,-1,-1,-1
564,1732513847,17291,725,12,-1,-1,12,900,-1,-1,-1,-1,-1,-1,-1,-1,-1
719,1732514624,16697,564,10,-1,-1,10,600,-1,-1,-1,-1,-1,-1,-1,-1,-1
723,1732514644,16915,352,12,-1,-1,12,420,-1,-1,-1,-1,-1,-1,-1,-1,-1
779,1732514925,16962,51,8,-1,-1,8,60,-1,-1,-1,-1,-1,-1,-1,-1,-1
424,1732513145,18628,280,15,-1,-1,15,300,-1,-1,-1,-1,-1,-1,-1,-1,-1
735,1732514704,17160,268,10,-1,-1,10,300,-1,-1,-1,-1,-1,-1,-1,-1,-1
191,1732511978,19934,281,16,-1,-1,16,300,-1,-1,-1,-1,-1,-1,-1,-1,-1
449,1732513271,18784,176,15,-1,-1,15,180,-1,-1,-1,-1,-1,-1,-1,-1,-1
714,1732514599,16838,895,11,-1,-1,11,900,-1,-1,-1,-1,-1,-1,-1,-1,-1
792,1732514990,17143,297,9,-1,-1,9,300,-1,-1,-1,-1,-1,-1,-1,-1,-1
190,1732511973,20222,371,17,-1,-1,17,420,-1,-1,-1,-1,-1,-1,-1,-1,-1
812,1732515090,17243,255,11,-1,-1,11,300,-1,-1,-1,-1,-1,-1,-1,-1,-1
446,1732513256,18591,863,15,-1,-1,15,900,-1,-1,-1,-1,-1,-1,-1,-1,-1
787,1732514965,16975,780,8,-1,-1,8,900,-1,-1,-1,-1,-1,-1,-1,-1,-1
824,1732515150,17571,60,8,-1,-1,8,60,-1,-1,-1,-1,-1,-1,-1,-1,-1
453,1732513291,18941,576,15,-1,-1,15,600,-1,-1,-1,-1,-1,-1,-1,-1,-1
830,1732515181,17601,170,8,-1,-1,8,180,-1,-1,-1,-1,-1,-1,-1,-1,-1
472,1732513386,19423,166,15,-1,-1,15,180,-1,-1,-1,-1,-1,-1,-1,-1,-1
790,1732514980,17609,528,12,-1,-1,12,600,-1,-1,-1,-1,-1,-1,-1,-1,-1
815,1732515105,17326,780,8,-1,-1,8,900,-1,-1,-1,-1,-1,-1,-1,-1,-1
794,1732515000,18118,149,12,-1,-1,12,180,-1,-1,-1,-1,-1,-1,-1,-1,-1
462,1732513336,19376,574,15,-1,-1,15,600,-1,-1,-1,-1,-1,-1,-1,-1,-1
195,1732511998,20569,856,17,-1,-1,17,900,-1,-1,-1,-1,-1,-1,-1,-1,-1
855,1732515306,17647,532,8,-1,-1,8,600,-1,-1,-1,-1,-1,-1,-1,-1,-1
495,1732513501,19475,589,15,-1,-1,15,600,-1,-1,-1,-1,-1,-1,-1,-1,-1
203,1732512038,21386,176,17,-1,-1,17,180,-1,-1,-1,-1,-1,-1,-1,-1,-1
856,1732515311,17902,388,8,-1,-1,8,420,-1,-1,-1,-1,-1,-1,-1,-1,-1
819,1732515125,18144,387,11,-1,-1,11,420,-1,-1,-1,-1,-1,-1,-1,-1,-1
864,1732515351,18135,263,7,-1,-1,7,300,-1,-1,-1,-1,-1,-1,-1,-1,-1
240,1732512223,21378,151,17,-1,-1,17,180,-1,-1,-1,-1,-1,-1,-1,-1,-1
252,1732512283,21005,484,16,-1,-1,16,600,-1,-1,-1,-1,-1,-1,-1,-1,-1
241,1732512228,21525,55,17,-1,-1,17,60,-1,-1,-1,-1,-1,-1,-1,-1,-1
254,1732512293,21273,270,16,-1,-1,16,300,-1,-1,-1,-1,-1,-1,-1,-1,-1
269,1732512369,21404,176,16,-1,-1,16,180,-1,-1,-1,-1,-1,-1,-1,-1,-1
281,1732512429,21408,293,16,-1,-1,16,300,-1,-1,-1,-1,-1,-1,-1,-1,-1
930,1732515682,18068,525,8,-1,-1,8,600,-1,-1,-1,-1,-1,-1,-1,-1,-1
266,1732512354,21456,575,17,-1,-1,17,600,-1,-1,-1,-1,-1,-1,-1,-1,-1
927,1732515667,17935,869,8,-1,-1,8,900,-1,-1,-1,-1,-1,-1,-1,-1,-1
329,1732512669,21463,341,16,-1,-1,16,420,-1,-1,-1,-1,-1,-1,-1,-1,-1
828,1732515171,18487,885,10,-1,-1,10,900,-1,-1,-1,-1,-1,-1,-1,-1,-1
842,1732515241,19303,60,9,-1,-1,9,60,-1,-1,-1,-1,-1,-1,-1,-1,-1
287,1732512459,21491,772,16,-1,-1,16,900,-1,-1,-1,-1,-1,-1,-1,-1,-1
844,1732515251,19354,157,9,-1,-1,9,180,-1,-1,-1,-1,-1,-1,-1,-1,-1
217,1732512108,22366,363,18,-1,-1,18,420,-1,-1,-1,-1,-1,-1,-1,-1,-1
952,1732515792,18680,403,6,-1,-1,6,420,-1,-1,-1,-1,-1,-1,-1,-1,-1
946,1732515762,18514,763,8,-1,-1,8,900,-1,-1,-1,-1,-1,-1,-1,-1,-1
865,1732515356,19407,280,9,-1,-1,9,300,-1,-1,-1,-1,-1,-1,-1,-1,-1
289,1732512469,21917,761,17,-1,-1,17,900,-1,-1,-1,-1,-1,-1,-1,-1,-1
954,1732515802,19074,275,6,-1,-1,6,300,-1,-1,-1,-1,-1,-1,-1,-1,-1
869,1732515376,19668,169,9,-1,-1,9,180,-1,-1,-1,-1,-1,-1,-1,-1,-1
298,1732512514,22209,562,17,-1,-1,17,600,-1,-1,-1,-1,-1,-1,-1,-1,-1
965,1732515857,19295,164,6,-1,-1,6,180,-1,-1,-1,-1,-1,-1,-1,-1,-1
319,1732512619,22529,280,17,-1,-1,17,300,-1,-1,-1,-1,-1,-1,-1,-1,-1
915,1732515606,19608,257,9,-1,-1,9,300,-1,-1,-1,-1,-1,-1,-1,-1,-1
867,1732515366,20106,57,10,-1,-1,10,60,-1,-1,-1,-1,-1,-1,-1,-1,-1
959,1732515827,19214,592,8,-1,-1,8,600,-1,-1,-1,-1,-1,-1,-1,-1,-1
260,1732512323,22515,800,18,-1,-1,18,900,-1,-1,-1,-1,-1,-1,-1,-1,-1
336,1732512704,22582,365,17,-1,-1,17,420,-1,-1,-1,-1,-1,-1,-1,-1,-1
218,1732512113,23526,61,19,-1,-1,19,60,-1,-1,-1,-1,-1,-1,-1,-1,-1
985,1732515957,19678,156,7,-1,-1,7,180,-1,-1,-1,-1,-1,-1,-1,-1,-1
337,1732512709,22720,373,16,-1,-1,16,420,-1,-1,-1,-1,-1,-1,-1,-1,-1
339,1732512719,22933,162,17,-1,-1,17,180,-1,-1,-1,-1,-1,-1,-1,-1,-1
976,1732515912,19405,591,6,-1,-1,6,600,-1,-1,-1,-1,-1,-1,-1,-1,-1
230,1732512173,23529,353,19,-1,-1,19,420,-1,-1,-1,-1,-1,-1,-1,-1,-1
356,1732512805,22998,259,17,-1,-1,17,300,-1,-1,-1,-1,-1,-1,-1,-1,-1
872,1732515391,20140,561,10,-1,-1,10,600,-1,-1,-1,-1,-1,-1,-1,-1,-1
103,1732511537,24527,53,20,-1,-1,20,60,-1,-1,-1,-1,-1,-1,-1,-1,-1
369,1732512870,22945,351,17,-1,-1,17,420,-1,-1,-1,-1,-1,-1,-1,-1,-1
990,1732515982,19810,497,6,-1,-1,6,600,-1,-1,-1,-1,-1,-1,-1,-1,-1
14,1732511090,24967,278,22,-1,-1,22,300,-1,-1,-1,-1,-1,-1,-1,-1,-1
116,1732511602,24516,278,20,-1,-1,20,300,-1,-1,-1,-1,-1,-1,-1,-1,-1
26,1732511151,25246,61,23,-1,-1,23,60,-1,-1,-1,-1,-1,-1,-1,-1,-1
873,1732515396,20698,383,10,-1,-1,10,420,-1,-1,-1,-1,-1,-1,-1,-1,-1
376,1732512905,23262,355,16,-1,-1,16,420,-1,-1,-1,-1,-1,-1,-1,-1,-1
44,1732511241,25218,169,23,-1,-1,23,180,-1,-1,-1,-1,-1,-1,-1,-1,-1
55,1732511296,25334,57,23,-1,-1,23,60,-1,-1,-1,-1,-1,-1,-1,-1,-1
19,1732511115,25221,398,24,-1,-1,24,420,-1,-1,-1,-1,-1,-1,-1,-1,-1
838,1732515221,21257,299,11,-1,-1,11,300,-1,-1,-1,-1,-1,-1,-1,-1,-1
847,1732515266,21512,54,12,-1,-1,12,60,-1,-1,-1,-1,-1,-1,-1,-1,-1
60,1732511321,25367,178,22,-1,-1,22,180,-1,-1,-1,-1,-1,-1,-1,-1,-1
384,1732512945,23578,389,17,-1,-1,17,420,-1,-1,-1,-1,-1,-1,-1,-1,-1
851,1732515286,21547,249,12,-1,-1,12,300,-1,-1,-1,-1,-1,-1,-1,-1,-1
52,1732511281,25454,350,24,-1,-1,24,420,-1,-1,-1,-1,-1,-1,-1,-1,-1
331,1732512679,24235,181,18,-1,-1,18,180,-1,-1,-1,-1,-1,-1,-1,-1,-1
61,1732511326,25760,62,24,-1,-1,24,60,-1,-1,-1,-1,-1,-1,-1,-1,-1
300,1732512524,24573,57,19,-1,-1,19,60,-1,-1,-1,-1,-1,-1,-1,-1,-1
65,1732511346,25521,363,21,-1,-1,21,420,-1,-1,-1,-1,-1,-1,-1,-1,-1
852,1732515291,21792,282,11,-1,-1,11,300,-1,-1,-1,-1,-1,-1,-1,-1,-1
892,1732515491,21875,62,11,-1,-1,11,60,-1,-1,-1,-1,-1,-1,-1,-1,-1
312,1732512584,24571,274,19,-1,-1,19,300,-1,-1,-1,-1,-1,-1,-1,-1,-1
62,1732511331,25819,295,24,-1,-1,24,300,-1,-1,-1,-1,-1,-1,-1,-1,-1
63,1732511336,26110,53,24,-1,-1,24,60,-1,-1,-1,-1,-1,-1,-1,-1,-1
70,1732511371,25860,299,21,-1,-1,21,300,-1,-1,-1,-1,-1,-1,-1,-1,-1
897,1732515516,21913,266,11,-1,-1,11,300,-1,-1,-1,-1,-1,-1,-1,-1,-1
347,1732512759,24671,291,19,-1,-1,19,300,-1,-1,-1,-1,-1,-1,-1,-1,-1
67,1732511356,26144,243,22,-1,-1,22,300,-1,-1,-1,-1,-1,-1,-1,-1,-1
78,1732511411,26121,246,22,-1,-1,22,300,-1,-1,-1,-1,-1,-1,-1,-1,-1
79,1732511416,26328,168,21,-1,-1,21,180,-1,-1,-1,-1,-1,-1,-1,-1,-1
95,1732511496,26418,53,21,-1,-1,21,60,-1,-1,-1,-1,-1,-1,-1,-1,-1
868,1732515371,22326,274,12,-1,-1,12,300,-1,-1,-1,-1,-1,-1,-1,-1,-1
360,1732512825,24897,406,19,-1,-1,19,420,-1,-1,-1,-1,-1,-1,-1,-1,-1
83,1732511436,26343,404,21,-1,-1,21,420,-1,-1,-1,-1,-1,-1,-1,-1,-1
372,1732512885,25245,164,19,-1,-1,19,180,-1,-1,-1,-1,-1,-1,-1,-1,-1
100,1732511521,26447,366,21,-1,-1,21,420,-1,-1,-1,-1,-1,-1,-1,-1,-1
114,1732511592,26592,278,21,-1,-1,21,300,-1,-1,-1,-1,-1,-1,-1,-1,-1
537,1732513712,24261,583,14,-1,-1,14,600,-1,-1,-1,-1,-1,-1,-1,-1,-1
144,1732511742,26593,273,20,-1,-1,20,300,-1,-1,-1,-1,-1,-1,-1,-1,-1
110,1732511572,26891,387,22,-1,-1,22,420,-1,-1,-1,-1,-1,-1,-1,-1,-1
374,1732512895,25401,816,19,-1,-1,19,900,-1,-1,-1,-1,-1,-1,-1,-1,-1
128,1732511662,27190,384,22,-1,-1,22,420,-1,-1,-1,-1,-1,-1,-1,-1,-1
390,1732512975,26138,164,19,-1,-1,19,180,-1,-1,-1,-1,-1,-1,-1,-1,-1
148,1732511762,26847,726,20,-1,-1,20,900,-1,-1,-1,-1,-1,-1,-1,-1,-1
563,1732513842,24715,799,14,-1,-1,14,900,-1,-1,-1,-1,-1,-1,-1,-1,-1
193,1732511988,27290,249,20,-1,-1,20,300,-1,-1,-1,-1,-1,-1,-1,-1,-1
168,1732511862,27666,52,21,-1,-1,21,60,-1,-1,-1,-1,-1,-1,-1,-1,-1
167,1732511857,27380,389,21,-1,-1,21,420,-1,-1,-1,-1,-1,-1,-1,-1,-1
171,1732511877,27705,50,21,-1,-1,21,60,-1,-1,-1,-1,-1,-1,-1,-1,-1
177,1732511907,27720,51,21,-1,-1,21,60,-1,-1,-1,-1,-1,-1,-1,-1,-1
588,1732513967,25390,488,13,-1,-1,13,600,-1,-1,-1,-1,-1,-1,-1,-1,-1
188,1732511963,27716,299,22,-1,-1,22,300,-1,-1,-1,-1,-1,-1,-1,-1,-1
598,1732514018,25828,149,13,-1,-1,13,180,-1,-1,-1,-1,-1,-1,-1,-1,-1
205,1732512048,27289,771,20,-1,-1,20,900,-1,-1,-1,-1,-1,-1,-1,-1,-1
220,1732512123,27857,147,21,-1,-1,21,180,-1,-1,-1,-1,-1,-1,-1,-1,-1
594,1732513998,25998,175,14,-1,-1,14,180,-1,-1,-1,-1,-1,-1,-1,-1,-1
222,1732512133,27976,282,20,-1,-1,20,300,-1,-1,-1,-1,-1,-1,-1,-1,-1
224,1732512143,27985,366,20,-1,-1,20,420,-1,-1,-1,-1,-1,-1,-1,-1,-1
206,1732512053,27580,883,20,-1,-1,20,900,-1,-1,-1,-1,-1,-1,-1,-1,-1
256,1732512303,28192,52,20,-1,-1,20,60,-1,-1,-1,-1,-1,-1,-1,-1,-1
303,1732512539,27978,179,20,-1,-1,20,180,-1,-1,-1,-1,-1,-1,-1,-1,-1
248,1732512263,28129,512,20,-1,-1,20,600,-1,-1,-1,-1,-1,-1,-1,-1,-1
366,1732512855,28050,53,20,-1,-1,20,60,-1,-1,-1,-1,-1,-1,-1,-1,-1
511,1732513581,26591,799,15,-1,-1,15,900,-1,-1,-1,-1,-1,-1,-1,-1,-1
393,1732512990,27969,60,20,-1,-1,20,60,-1,-1,-1,-1,-1,-1,-1,-1,-1
362,1732512835,27862,544,20,-1,-1,20,600,-1,-1,-1,-1,-1,-1,-1,-1,-1
308,1732512564,27984,766,20,-1,-1,20,900,-1,-1,-1,-1,-1,-1,-1,-1,-1
402,1732513035,27986,389,16,-1,-1,16,420,-1,-1,-1,-1,-1,-1,-1,-1,-1
517,1732513612,27361,513,15,-1,-1,15,600,-1,-1,-1,-1,-1,-1,-1,-1,-1
111,1732511577,29666,284,24,-1,-1,24,300,-1,-1,-1,-1,-1,-1,-1,-1,-1
527,1732513662,27825,61,15,-1,-1,15,60,-1,-1,-1,-1,-1,-1,-1,-1,-1
418,1732513115,28296,367,17,-1,-1,17,420,-1,-1,-1,-1,-1,-1,-1,-1,-1
415,1732513100,28216,500,19,-1,-1,19,600,-1,-1,-1,-1,-1,-1,-1,-1,-1
532,1732513687,27862,277,15,-1,-1,15,300,-1,-1,-1,-1,-1,-1,-1,-1,-1
421,1732513130,28688,61,17,-1,-1,17,60,-1,-1,-1,-1,-1,-1,-1,-1,-1
440,1732513226,28654,52,17,-1,-1,17,60,-1,-1,-1,-1,-1,-1,-1,-1,-1
425,1732513150,28677,173,16,-1,-1,16,180,-1,-1,-1,-1,-1,-1,-1,-1,-1
447,1732513261,28740,53,16,-1,-1,16,60,-1,-1,-1,-1,-1,-1,-1,-1,-1
133,1732511687,29841,547,24,-1,-1,24,600,-1,-1,-1,-1,-1,-1,-1,-1,-1
444,1732513246,28687,257,17,-1,-1,17,300,-1,-1,-1,-1,-1,-1,-1,-1,-1
189,1732511968,30108,254,23,-1,-1,23,300,-1,-1,-1,-1,-1,-1,-1,-1,-1
466,1732513356,28835,164,18,-1,-1,18,180,-1,-1,-1,-1,-1,-1,-1,-1,-1
430,1732513175,29181,155,19,-1,-1,19,180,-1,-1,-1,-1,-1,-1,-1,-1,-1
420,1732513125,28654,753,17,-1,-1,17,900,-1,-1,-1,-1,-1,-1,-1,-1,-1
454,1732513296,29217,56,19,-1,-1,19,60,-1,-1,-1,-1,-1,-1,-1,-1,-1
482,1732513436,28620,550,17,-1,-1,17,600,-1,-1,-1,-1,-1,-1,-1,-1,-1
237,1732512208,30123,564,22,-1,-1,22,600,-1,-1,-1,-1,-1,-1,-1,-1,-1
245,1732512248,30648,53,22,-1,-1,22,60,-1,-1,-1,-1,-1,-1,-1,-1,-1
473,1732513391,29179,389,18,-1,-1,18,420,-1,-1,-1,-1,-1,-1,-1,-1,-1
475,1732513401,29207,394,18,-1,-1,18,420,-1,-1,-1,-1,-1,-1,-1,-1,-1
476,1732513406,29597,171,19,-1,-1,19,180,-1,-1,-1,-1,-1,-1,-1,-1,-1
506,1732513556,29619,56,18,-1,-1,18,60,-1,-1,-1,-1,-1,-1,-1,-1,-1
246,1732512253,30698,350,22,-1,-1,22,420,-1,-1,-1,-1,-1,-1,-1,-1,-1
498,1732513516,29017,845,17,-1,-1,17,900,-1,-1,-1,-1,-1,-1,-1,-1,-1
204,1732512043,31259,243,24,-1,-1,24,300,-1,-1,-1,-1,-1,-1,-1,-1,-1
209,1732512068,31478,171,24,-1,-1,24,180,-1,-1,-1,-1,-1,-1,-1,-1,-1
505,1732513551,29409,760,17,-1,-1,17,900,-1,-1,-1,-1,-1,-1,-1,-1,-1
232,1732512183,31536,56,24,-1,-1,24,60,-1,-1,-1,-1,-1,-1,-1,-1,-1
512,1732513586,29646,588,17,-1,-1,17,600,-1,-1,-1,-1,-1,-1,-1,-1,-1
515,1732513602,29777,512,16,-1,-1,16,600,-1,-1,-1,-1,-1,-1,-1,-1,-1
510,1732513576,30245,169,20,-1,-1,20,180,-1,-1,-1,-1,-1,-1,-1,-1,-1
236,1732512203,31573,252,24,-1,-1,24,300,-1,-1,-1,-1,-1,-1,-1,-1,-1
534,1732513697,30024,401,15,-1,-1,15,420,-1,-1,-1,-1,-1,-1,-1,-1,-1
263,1732512338,31654,167,21,-1,-1,21,180,-1,-1,-1,-1,-1,-1,-1,-1,-1
283,1732512439,31721,59,21,-1,-1,21,60,-1,-1,-1,-1,-1,-1,-1,-1,-1
552,1732513787,30336,275,17,-1,-1,17,300,-1,-1,-1,-1,-1,-1,-1,-1,-1
553,1732513792,30101,590,15,-1,-1,15,600,-1,-1,-1,-1,-1,-1,-1,-1,-1
557,1732513812,30588,242,16,-1,-1,16,300,-1,-1,-1,-1,-1,-1,-1,-1,-1
562,1732513837,30806,174,16,-1,-1,16,180,-1,-1,-1,-1,-1,-1,-1,-1,-1
249,1732512268,31761,879,22,-1,-1,22,900,-1,-1,-1,-1,-1,-1,-1,-1,-1
570,1732513877,30941,172,15,-1,-1,15,180,-1,-1,-1,-1,-1,-1,-1,-1,-1
286,1732512454,31766,839,21,-1,-1,21,900,-1,-1,-1,-1,-1,-1,-1,-1,-1
560,1732513827,30657,786,15,-1,-1,15,900,-1,-1,-1,-1,-1,-1,-1,-1,-1
258,1732512313,32596,408,23,-1,-1,23,420,-1,-1,-1,-1,-1,-1,-1,-1,-1
602,1732514038,31233,60,14,-1,-1,14,60,-1,-1,-1,-1,-1,-1,-1,-1,-1
599,1732514023,30968,346,14,-1,-1,14,420,-1,-1,-1,-1,-1,-1,-1,-1,-1
267,1732512359,32960,55,24,-1,-1,24,60,-1,-1,-1,-1,-1,-1,-1,-1,-1
271,1732512379,32682,365,23,-1,-1,23,420,-1,-1,-1,-1,-1,-1,-1,-1,-1
291,1732512479,32896,60,24,-1,-1,24,60,-1,-1,-1,-1,-1,-1,-1,-1,-1
302,1732512534,32902,174,23,-1,-1,23,180,-1,-1,-1,-1,-1,-1,-1,-1,-1
614,1732514098,31240,279,13,-1,-1,13,300,-1,-1,-1,-1,-1,-1,-1,-1,-1
609,1732514073,31259,392,14,-1,-1,14,420,-1,-1,-1,-1,-1,-1,-1,-1,-1
611,1732514083,31536,249,15,-1,-1,15,300,-1,-1,-1,-1,-1,-1,-1,-1,-1
640,1732514228,31642,289,15,-1,-1,15,300,-1,-1,-1,-1,-1,-1,-1,-1,-1
297,1732512509,32918,783,24,-1,-1,24,900,-1,-1,-1,-1,-1,-1,-1,-1,-1
624,1732514148,31577,574,14,-1,-1,14,600,-1,-1,-1,-1,-1,-1,-1,-1,-1
311,1732512579,33632,153,21,-1,-1,21,180,-1,-1,-1,-1,-1,-1,-1,-1,-1
371,1732512880,33485,60,21,-1,-1,21,60,-1,-1,-1,-1,-1,-1,-1,-1,-1
310,1732512574,33037,831,22,-1,-1,22,900,-1,-1,-1,-1,-1,-1,-1,-1,-1
586,1732513957,32343,291,17,-1,-1,17,300,-1,-1,-1,-1,-1,-1,-1,-1,-1
321,1732512629,33814,177,22,-1,-1,22,180,-1,-1,-1,-1,-1,-1,-1,-1,-1
641,1732514233,31927,778,15,-1,-1,15,900,-1,-1,-1,-1,-1,-1,-1,-1,-1
436,1732513206,33220,512,21,-1,-1,21,600,-1,-1,-1,-1,-1,-1,-1,-1,-1
375,1732512900,33722,356,22,-1,-1,22,420,-1,-1,-1,-1,-1,-1,-1,-1,-1
647,1732514263,32676,157,15,-1,-1,15,180,-1,-1,-1,-1,-1,-1,-1,-1,-1
589,1732513972,32621,534,17,-1,-1,17,600,-1,-1,-1,-1,-1,-1,-1,-1,-1
648,1732514268,32829,59,15,-1,-1,15,60,-1,-1,-1,-1,-1,-1,-1,-1,-1
388,1732512965,34014,346,22,-1,-1,22,420,-1,-1,-1,-1,-1,-1,-1,-1,-1
593,1732513993,33135,249,17,-1,-1,17,300,-1,-1,-1,-1,-1,-1,-1,-1,-1
317,1732512609,34717,54,23,-1,-1,23,60,-1,-1,-1,-1,-1,-1,-1,-1,-1
451,1732513281,33659,529,21,-1,-1,21,600,-1,-1,-1,-1,-1,-1,-1,-1,-1
663,1732514343,32814,387,14,-1,-1,14,420,-1,-1,-1,-1,-1,-1,-1,-1,-1
607,1732514063,33315,281,17,-1,-1,17,300,-1,-1,-1,-1,-1,-1,-1,-1,-1
460,1732513326,34144,300,21,-1,-1,21,300,-1,-1,-1,-1,-1,-1,-1,-1,-1
463,1732513341,34430,293,21,-1,-1,21,300,-1,-1,-1,-1,-1,-1,-1,-1,-1
338,1732512714,34667,819,23,-1,-1,23,900,-1,-1,-1,-1,-1,-1,-1,-1,-1
613,1732514093,33567,563,17,-1,-1,17,600,-1,-1,-1,-1,-1,-1,-1,-1,-1
343,1732512739,35463,52,23,-1,-1,23,60,-1,-1,-1,-1,-1,-1,-1,-1,-1
664,1732514348,33198,902,14,-1,-1,14,900,-1,-1,-1,-1,-1,-1,-1,-1,-1
464,1732513346,34719,523,21,-1,-1,21,600,-1,-1,-1,-1,-1,-1,-1,-1,-1
622,1732514138,34086,568,17,-1,-1,17,600,-1,-1,-1,-1,-1,-1,-1,-1,-1
665,1732514353,34096,377,13,-1,-1,13,420,-1,-1,-1,-1,-1,-1,-1,-1,-1
410,1732513075,35515,356,22,-1,-1,22,420,-1,-1,-1,-1,-1,-1,-1,-1,-1
357,1732512810,35445,834,23,-1,-1,23,900,-1,-1,-1,-1,-1,-1,-1,-1,-1
667,1732514363,34464,343,14,-1,-1,14,420,-1,-1,-1,-1,-1,-1,-1,-1,-1
674,1732514399,34772,55,13,-1,-1,13,60,-1,-1,-1,-1,-1,-1,-1,-1,-1
383,1732512940,36150,157,23,-1,-1,23,180,-1,-1,-1,-1,-1,-1,-1,-1,-1
419,1732513120,35827,353,22,-1,-1,22,420,-1,-1,-1,-1,-1,-1,-1,-1,-1
426,1732513155,36146,59,22,-1,-1,22,60,-1,-1,-1,-1,-1,-1,-1,-1,-1
678,1732514419,34808,299,14,-1,-1,14,300,-1,-1,-1,-1,-1,-1,-1,-1,-1
628,1732514168,34626,783,16,-1,-1,16,900,-1,-1,-1,-1,-1,-1,-1,-1,-1
431,1732513180,36181,245,22,-1,-1,22,300,-1,-1,-1,-1,-1,-1,-1,-1,-1
683,1732514444,35083,295,13,-1,-1,13,300,-1,-1,-1,-1,-1,-1,-1,-1,-1
396,1732513005,36244,589,23,-1,-1,23,600,-1,-1,-1,-1,-1,-1,-1,-1,-1
655,1732514303,35276,280,17,-1,-1,17,300,-1,-1,-1,-1,-1,-1,-1,-1,-1
439,1732513221,36387,405,22,-1,-1,22,420,-1,-1,-1,-1,-1,-1,-1,-1,-1
441,1732513231,36783,60,22,-1,-1,22,60,-1,-1,-1,-1,-1,-1,-1,-1,-1
727,1732514664,35159,280,13,-1,-1,13,300,-1,-1,-1,-1,-1,-1,-1,-1,-1
657,1732514313,35547,245,16,-1,-1,16,300,-1,-1,-1,-1,-1,-1,-1,-1,-1
443,1732513241,36834,150,22,-1,-1,22,180,-1,-1,-1,-1,-1,-1,-1,-1,-1
469,1732513371,36855,62,21,-1,-1,21,60,-1,-1,-1,-1,-1,-1,-1,-1,-1
666,1732514358,35748,285,16,-1,-1,16,300,-1,-1,-1,-1,-1,-1,-1,-1,-1
690,1732514479,35626,291,14,-1,-1,14,300,-1,-1,-1,-1,-1,-1,-1,-1,-1
435,1732513201,36638,742,23,-1,-1,23,900,-1,-1,-1,-1,-1,-1,-1,-1,-1
485,1732513451,36838,390,21,-1,-1,21,420,-1,-1,-1,-1,-1,-1,-1,-1,-1
691,1732514484,35913,285,14,-1,-1,14,300,-1,-1,-1,-1,-1,-1,-1,-1,-1
693,1732514494,36189,56,14,-1,-1,14,60,-1,-1,-1,-1,-1,-1,-1,-1,-1
671,1732514383,36009,376,16,-1,-1,16,420,-1,-1,-1,-1,-1,-1,-1,-1,-1
325,1732512649,37933,381,24,-1,-1,24,420,-1,-1,-1,-1,-1,-1,-1,-1,-1
487,1732513461,37219,300,21,-1,-1,21,300,-1,-1,-1,-1,-1,-1,-1,-1,-1
707,1732514564,36176,390,14,-1,-1,14,420,-1,-1,-1,-1,-1,-1,-1,-1,-1
680,1732514429,36340,397,16,-1,-1,16,420,-1,-1,-1,-1,-1,-1,-1,-1,-1
703,1732514544,36624,57,15,-1,-1,15,60,-1,-1,-1,-1,-1,-1,-1,-1,-1
710,1732514579,36552,179,14,-1,-1,14,180,-1,-1,-1,-1,-1,-1,-1,-1,-1
496,1732513506,37475,420,21,-1,-1,21,420,-1,-1,-1,-1,-1,-1,-1,-1,-1
520,1732513627,37775,52,21,-1,-1,21,60,-1,-1,-1,-1,-1,-1,-1,-1,-1
716,1732514609,36617,302,16,-1,-1,16,300,-1,-1,-1,-1,-1,-1,-1,-1,-1
731,1732514684,36627,377,14,-1,-1,14,420,-1,-1,-1,-1,-1,-1,-1,-1,-1
525,1732513652,37803,341,21,-1,-1,21,420,-1,-1,-1,-1,-1,-1,-1,-1,-1
328,1732512664,38300,875,24,-1,-1,24,900,-1,-1,-1,-1,-1,-1,-1,-1,-1
530,1732513677,38121,51,20,-1,-1,20,60,-1,-1,-1,-1,-1,-1,-1,-1,-1
729,1732514674,37015,161,15,-1,-1,15,180,-1,-1,-1,-1,-1,-1,-1,-1,-1
535,1732513702,38148,50,18,-1,-1,18,60,-1,-1,-1,-1,-1,-1,-1,-1,-1
721,1732514634,36895,512,15,-1,-1,15,600,-1,-1,-1,-1,-1,-1,-1,-1,-1
407,1732513060,38781,250,24,-1,-1,24,300,-1,-1,-1,-1,-1,-1,-1,-1,-1
732,1732514689,37353,52,14,-1,-1,14,60,-1,-1,-1,-1,-1,-1,-1,-1,-1
747,1732514764,37331,160,14,-1,-1,14,180,-1,-1,-1,-1,-1,-1,-1,-1,-1
751,1732514785,37471,155,13,-1,-1,13,180,-1,-1,-1,-1,-1,-1,-1,-1,-1
408,1732513065,39027,401,24,-1,-1,24,420,-1,-1,-1,-1,-1,-1,-1,-1,-1
574,1732513897,37955,818,18,-1,-1,18,900,-1,-1,-1,-1,-1,-1,-1,-1,-1
756,1732514810,37602,367,14,-1,-1,14,420,-1,-1,-1,-1,-1,-1,-1,-1,-1
587,1732513962,37939,900,18,-1,-1,18,900,-1,-1,-1,-1,-1,-1,-1,-1,-1
538,1732513717,38954,162,19,-1,-1,19,180,-1,-1,-1,-1,-1,-1,-1,-1,-1
757,1732514815,37966,58,13,-1,-1,13,60,-1,-1,-1,-1,-1,-1,-1,-1,-1
539,1732513722,39080,172,19,-1,-1,19,180,-1,-1,-1,-1,-1,-1,-1,-1,-1
432,1732513185,39309,559,24,-1,-1,24,600,-1,-1,-1,-1,-1,-1,-1,-1,-1
764,1732514850,37990,268,13,-1,-1,13,300,-1,-1,-1,-1,-1,-1,-1,-1,-1
546,1732513757,39219,243,19,-1,-1,19,300,-1,-1,-1,-1,-1,-1,-1,-1,-1
765,1732514855,38254,150,14,-1,-1,14,180,-1,-1,-1,-1,-1,-1,-1,-1,-1
445,1732513251,39803,513,23,-1,-1,23,600,-1,-1,-1,-1,-1,-1,-1,-1,-1
561,1732513832,39389,365,19,-1,-1,19,420,-1,-1,-1,-1,-1,-1,-1,-1,-1
770,1732514880,38380,363,13,-1,-1,13,420,-1,-1,-1,-1,-1,-1,-1,-1,-1
543,1732513742,39092,817,19,-1,-1,19,900,-1,-1,-1,-1,-1,-1,-1,-1,-1
470,1732513376,40193,272,24,-1,-1,24,300,-1,-1,-1,-1,-1,-1,-1,-1,-1
584,1732513947,39705,262,19,-1,-1,19,300,-1,-1,-1,-1,-1,-1,-1,-1,-1
479,1732513421,40421,150,24,-1,-1,24,180,-1,-1,-1,-1,-1,-1,-1,-1,-1
621,1732514133,39782,253,18,-1,-1,18,300,-1,-1,-1,-1,-1,-1,-1,-1,-1
484,1732513446,40547,255,23,-1,-1,23,300,-1,-1,-1,-1,-1,-1,-1,-1,-1
569,1732513872,39715,749,19,-1,-1,19,900,-1,-1,-1,-1,-1,-1,-1,-1,-1
571,1732513882,40288,181,20,-1,-1,20,180,-1,-1,-1,-1,-1,-1,-1,-1,-1
772,1732514890,38734,871,13,-1,-1,13,900,-1,-1,-1,-1,-1,-1,-1,-1,-1
578,1732513917,40420,385,20,-1,-1,20,420,-1,-1,-1,-1,-1,-1,-1,-1,-1
774,1732514900,39596,271,13,-1,-1,13,300,-1,-1,-1,-1,-1,-1,-1,-1,-1
600,1732514028,40324,517,20,-1,-1,20,600,-1,-1,-1,-1,-1,-1,-1,-1,-1
492,1732513486,40763,807,22,-1,-1,22,900,-1,-1,-1,-1,-1,-1,-1,-1,-1
642,1732514238,40632,274,20,-1,-1,20,300,-1,-1,-1,-1,-1,-1,-1,-1,-1
619,1732514123,40600,488,20,-1,-1,20,600,-1,-1,-1,-1,-1,-1,-1,-1,-1
519,1732513622,41436,486,22,-1,-1,22,600,-1,-1,-1,-1,-1,-1,-1,-1,-1
672,1732514388,40825,386,19,-1,-1,19,420,-1,-1,-1,-1,-1,-1,-1,-1,-1
810,1732515080,39688,902,13,-1,-1,13,900,-1,-1,-1,-1,-1,-1,-1,-1,-1
652,1732514288,40857,538,20,-1,-1,20,600,-1,-1,-1,-1,-1,-1,-1,-1,-1
695,1732514504,41096,159,17,-1,-1,17,180,-1,-1,-1,-1,-1,-1,-1,-1,-1
781,1732514935,40737,299,15,-1,-1,15,300,-1,-1,-1,-1,-1,-1,-1,-1,-1
799,1732515025,40947,60,14,-1,-1,14,60,-1,-1,-1,-1,-1,-1,-1,-1,-1
688,1732514469,41216,353,20,-1,-1,20,420,-1,-1,-1,-1,-1,-1,-1,-1,-1
499,1732513521,42024,539,23,-1,-1,23,600,-1,-1,-1,-1,-1,-1,-1,-1,-1
699,1732514524,41236,409,17,-1,-1,17,420,-1,-1,-1,-1,-1,-1,-1,-1,-1
524,1732513647,42438,152,22,-1,-1,22,180,-1,-1,-1,-1,-1,-1,-1,-1,-1
615,1732514103,41936,246,21,-1,-1,21,300,-1,-1,-1,-1,-1,-1,-1,-1,-1
705,1732514554,41616,274,17,-1,-1,17,300,-1,-1,-1,-1,-1,-1,-1,-1,-1
639,1732514223,42063,283,21,-1,-1,21,300,-1,-1,-1,-1,-1,-1,-1,-1,-1
748,1732514769,41676,182,17,-1,-1,17,180,-1,-1,-1,-1,-1,-1,-1,-1,-1
541,1732513732,42506,390,23,-1,-1,23,420,-1,-1,-1,-1,-1,-1,-1,-1,-1
686,1732514459,42111,154,21,-1,-1,21,180,-1,-1,-1,-1,-1,-1,-1,-1,-1
805,1732515055,40978,810,14,-1,-1,14,900,-1,-1,-1,-1,-1,-1,-1,-1,-1
817,1732515115,41729,164,13,-1,-1,13,180,-1,-1,-1,-1,-1,-1,-1,-1,-1
581,1732513932,42697,537,23,-1,-1,23,600,-1,-1,-1,-1,-1,-1,-1,-1,-1
749,1732514774,41854,846,17,-1,-1,17,900,-1,-1,-1,-1,-1,-1,-1,-1,-1
696,1732514509,42216,873,21,-1,-1,21,900,-1,-1,-1,-1,-1,-1,-1,-1,-1
701,1732514534,43066,59,20,-1,-1,20,60,-1,-1,-1,-1,-1,-1,-1,-1,-1
827,1732515165,41844,821,14,-1,-1,14,900,-1,-1,-1,-1,-1,-1,-1,-1,-1
717,1732514614,42862,361,18,-1,-1,18,420,-1,-1,-1,-1,-1,-1,-1,-1,-1
807,1732515065,42766,177,15,-1,-1,15,180,-1,-1,-1,-1,-1,-1,-1,-1,-1
617,1732514113,43055,871,22,-1,-1,22,900,-1,-1,-1,-1,-1,-1,-1,-1,-1
711,1732514584,43076,384,20,-1,-1,20,420,-1,-1,-1,-1,-1,-1,-1,-1,-1
623,1732514143,43897,51,22,-1,-1,22,60,-1,-1,-1,-1,-1,-1,-1,-1,-1
627,1732514163,43929,169,22,-1,-1,22,180,-1,-1,-1,-1,-1,-1,-1,-1,-1
720,1732514629,43209,499,18,-1,-1,18,600,-1,-1,-1,-1,-1,-1,-1,-1,-1
835,1732515206,42803,375,14,-1,-1,14,420,-1,-1,-1,-1,-1,-1,-1,-1,-1
750,1732514780,43558,51,17,-1,-1,17,60,-1,-1,-1,-1,-1,-1,-1,-1,-1
725,1732514654,43736,157,19,-1,-1,19,180,-1,-1,-1,-1,-1,-1,-1,-1,-1
713,1732514594,43451,585,20,-1,-1,20,600,-1,-1,-1,-1,-1,-1,-1,-1,-1
871,1732515386,43000,246,13,-1,-1,13,300,-1,-1,-1,-1,-1,-1,-1,-1,-1
883,1732515446,43187,53,12,-1,-1,12,60,-1,-1,-1,-1,-1,-1,-1,-1,-1
651,1732514283,43979,510,23,-1,-1,23,600,-1,-1,-1,-1,-1,-1,-1,-1,-1
730,1732514679,43869,414,19,-1,-1,19,420,-1,-1,-1,-1,-1,-1,-1,-1,-1
752,1732514790,44174,52,17,-1,-1,17,60,-1,-1,-1,-1,-1,-1,-1,-1,-1
761,1732514835,44182,52,19,-1,-1,19,60,-1,-1,-1,-1,-1,-1,-1,-1,-1
886,1732515461,43226,575,12,-1,-1,12,600,-1,-1,-1,-1,-1,-1,-1,-1,-1
494,1732513496,45278,534,24,-1,-1,24,600,-1,-1,-1,-1,-1,-1,-1,-1,-1
514,1732513597,45712,52,24,-1,-1,24,60,-1,-1,-1,-1,-1,-1,-1,-1,-1
740,1732514729,43902,775,19,-1,-1,19,900,-1,-1,-1,-1,-1,-1,-1,-1,-1
522,1732513637,45725,55,24,-1,-1,24,60,-1,-1,-1,-1,-1,-1,-1,-1,-1
914,1732515601,43662,162,12,-1,-1,12,180,-1,-1,-1,-1,-1,-1,-1,-1,-1
763,1732514845,44225,402,20,-1,-1,20,420,-1,-1,-1,-1,-1,-1,-1,-1,-1
767,1732514865,44608,58,16,-1,-1,16,60,-1,-1,-1,-1,-1,-1,-1,-1,-1
766,1732514860,44548,171,19,-1,-1,19,180,-1,-1,-1,-1,-1,-1,-1,-1,-1
918,1732515622,43804,158,12,-1,-1,12,180,-1,-1,-1,-1,-1,-1,-1,-1,-1
769,1732514875,44657,147,16,-1,-1,16,180,-1,-1,-1,-1,-1,-1,-1,-1,-1
773,1732514895,44786,58,16,-1,-1,16,60,-1,-1,-1,-1,-1,-1,-1,-1,-1
529,1732513672,45746,384,24,-1,-1,24,420,-1,-1,-1,-1,-1,-1,-1,-1,-1
782,1732514940,44800,178,16,-1,-1,16,180,-1,-1,-1,-1,-1,-1,-1,-1,-1
536,1732513707,46097,168,24,-1,-1,24,180,-1,-1,-1,-1,-1,-1,-1,-1,-1
921,1732515637,43948,538,9,-1,-1,9,600,-1,-1,-1,-1,-1,-1,-1,-1,-1
548,1732513767,46206,161,24,-1,-1,24,180,-1,-1,-1,-1,-1,-1,-1,-1,-1
791,1732514985,44934,291,18,-1,-1,18,300,-1,-1,-1,-1,-1,-1,-1,-1,-1
934,1732515702,44422,174,9,-1,-1,9,180,-1,-1,-1,-1,-1,-1,-1,-1,-1
808,1732515070,45141,148,16,-1,-1,16,180,-1,-1,-1,-1,-1,-1,-1,-1,-1
656,1732514308,45272,830,23,-1,-1,23,900,-1,-1,-1,-1,-1,-1,-1,-1,-1
826,1732515160,45200,267,17,-1,-1,17,300,-1,-1,-1,-1,-1,-1,-1,-1,-1
636,1732514208,45927,560,24,-1,-1,24,600,-1,-1,-1,-1,-1,-1,-1,-1,-1
673,1732514394,46017,342,22,-1,-1,22,420,-1,-1,-1,-1,-1,-1,-1,-1,-1
821,1732515135,45493,291,18,-1,-1,18,300,-1,-1,-1,-1,-1,-1,-1,-1,-1
702,1732514539,46215,283,22,-1,-1,22,300,-1,-1,-1,-1,-1,-1,-1,-1,-1
823,1732515145,45776,182,18,-1,-1,18,180,-1,-1,-1,-1,-1,-1,-1,-1,-1
924,1732515652,44647,897,11,-1,-1,11,900,-1,-1,-1,-1,-1,-1,-1,-1,-1
718,1732514619,46420,180,21,-1,-1,21,180,-1,-1,-1,-1,-1,-1,-1,-1,-1
668,1732514368,46328,551,24,-1,-1,24,600,-1,-1,-1,-1,-1,-1,-1,-1,-1
722,1732514639,46581,61,22,-1,-1,22,60,-1,-1,-1,-1,-1,-1,-1,-1,-1
942,1732515742,45455,154,10,-1,-1,10,180,-1,-1,-1,-1,-1,-1,-1,-1,-1
964,1732515852,45501,164,10,-1,-1,10,180,-1,-1,-1,-1,-1,-1,-1,-1,-1
816,1732515110,45994,578,19,-1,-1,19,600,-1,-1,-1,-1,-1,-1,-1,-1,-1
692,1732514489,46793,488,23,-1,-1,23,600,-1,-1,-1,-1,-1,-1,-1,-1,-1
708,1732514569,47202,60,23,-1,-1,23,60,-1,-1,-1,-1,-1,-1,-1,-1,-1
831,1732515186,46497,289,17,-1,-1,17,300,-1,-1,-1,-1,-1,-1,-1,-1,-1
682,1732514439,46810,872,23,-1,-1,23,900,-1,-1,-1,-1,-1,-1,-1,-1,-1
841,1732515236,46737,155,19,-1,-1,19,180,-1,-1,-1,-1,-1,-1,-1,-1,-1
988,1732515972,45547,851,10,-1,-1,10,900,-1,-1,-1,-1,-1,-1,-1,-1,-1
784,1732514950,47179,251,20,-1,-1,20,300,-1,-1,-1,-1,-1,-1,-1,-1,-1
993,1732515997,46374,51,10,-1,-1,10,60,-1,-1,-1,-1,-1,-1,-1,-1,-1
771,1732514885,47237,407,22,-1,-1,22,420,-1,-1,-1,-1,-1,-1,-1,-1,-1
745,1732514754,47079,866,23,-1,-1,23,900,-1,-1,-1,-1,-1,-1,-1,-1,-1
788,1732514970,47560,347,22,-1,-1,22,420,-1,-1,-1,-1,-1,-1,-1,-1,-1
811,1732515085,47297,553,20,-1,-1,20,600,-1,-1,-1,-1,-1,-1,-1,-1,-1
998,1732516023,46400,542,10,-1,-1,10,600,-1,-1,-1,-1,-1,-1,-1,-1,-1
795,1732515005,47873,257,21,-1,-1,21,300,-1,-1,-1,-1,-1,-1,-1,-1,-1
780,1732514930,47770,582,23,-1,-1,23,600,-1,-1,-1,-1,-1,-1,-1,-1,-1
809,1732515075,47861,347,21,-1,-1,21,420,-1,-1,-1,-1,-1,-1,-1,-1,-1
800,1732515030,48254,54,24,-1,-1,24,60,-1,-1,-1,-1,-1,-1,-1,-1,-1
778,1732514920,48216,275,24,-1,-1,24,300,-1,-1,-1,-1,-1,-1,-1,-1,-1
806,1732515060,48279,153,22,-1,-1,22,180,-1,-1,-1,-1,-1,-1,-1,-1,-1
783,1732514945,48338,297,23,-1,-1,23,300,-1,-1,-1,-1,-1,-1,-1,-1,-1
822,1732515140,48441,291,22,-1,-1,22,300,-1,-1,-1,-1,-1,-1,-1,-1,-1
825,1732515155,48719,59,23,-1,-1,23,60,-1,-1,-1,-1,-1,-1,-1,-1,-1
949,1732515777,48157,55,11,-1,-1,11,60,-1,-1,-1,-1,-1,-1,-1,-1,-1
962,1732515842,48148,53,11,-1,-1,11,60,-1,-1,-1,-1,-1,-1,-1,-1,-1
814,1732515100,48312,733,23,-1,-1,23,900,-1,-1,-1,-1,-1,-1,-1,-1,-1
820,1732515130,48364,826,20,-1,-1,20,900,-1,-1,-1,-1,-1,-1,-1,-1,-1
829,1732515176,48758,396,21,-1,-1,21,420,-1,-1,-1,-1,-1,-1,-1,-1,-1
972,1732515892,48152,301,11,-1,-1,11,300,-1,-1,-1,-1,-1,-1,-1,-1,-1
832,1732515191,48955,247,21,-1,-1,21,300,-1,-1,-1,-1,-1,-1,-1,-1,-1
833,1732515196,49125,349,21,-1,-1,21,420,-1,-1,-1,-1,-1,-1,-1,-1,-1
839,1732515226,49168,377,21,-1,-1,21,420,-1,-1,-1,-1,-1,-1,-1,-1,-1
834,1732515201,49130,577,20,-1,-1,20,600,-1,-1,-1,-1,-1,-1,-1,-1,-1
840,1732515231,49440,382,20,-1,-1,20,420,-1,-1,-1,-1,-1,-1,-1,-1,-1
933,1732515697,48649,882,12,-1,-1,12,900,-1,-1,-1,-1,-1,-1,-1,-1,-1
854,1732515301,49471,533,23,-1,-1,23,600,-1,-1,-1,-1,-1,-1,-1,-1,-1
860,1732515331,49723,286,22,-1,-1,22,300,-1,-1,-1,-1,-1,-1,-1,-1,-1
950,1732515782,49447,153,12,-1,-1,12,180,-1,-1,-1,-1,-1,-1,-1,-1,-1
859,1732515326,49583,484,18,-1,-1,18,600,-1,-1,-1,-1,-1,-1,-1,-1,-1
861,1732515336,50005,61,17,-1,-1,17,60,-1,-1,-1,-1,-1,-1,-1,-1,-1
885,1732515456,49948,55,18,-1,-1,18,60,-1,-1,-1,-1,-1,-1,-1,-1,-1
901,1732515536,49847,173,15,-1,-1,15,180,-1,-1,-1,-1,-1,-1,-1,-1,-1
866,1732515361,50033,175,19,-1,-1,19,180,-1,-1,-1,-1,-1,-1,-1,-1,-1
904,1732515551,50007,157,15,-1,-1,15,180,-1,-1,-1,-1,-1,-1,-1,-1,-1
888,1732515471,49989,262,18,-1,-1,18,300,-1,-1,-1,-1,-1,-1,-1,-1,-1
907,1732515566,50005,153,16,-1,-1,16,180,-1,-1,-1,-1,-1,-1,-1,-1,-1
908,1732515571,50146,61,14,-1,-1,14,60,-1,-1,-1,-1,-1,-1,-1,-1,-1
910,1732515581,50144,265,14,-1,-1,14,300,-1,-1,-1,-1,-1,-1,-1,-1,-1
857,1732515316,49991,795,23,-1,-1,23,900,-1,-1,-1,-1,-1,-1,-1,-1,-1
862,1732515341,50382,399,22,-1,-1,22,420,-1,-1,-1,-1,-1,-1,-1,-1,-1
876,1732515411,50692,50,21,-1,-1,21,60,-1,-1,-1,-1,-1,-1,-1,-1,-1
919,1732515627,50152,515,15,-1,-1,15,600,-1,-1,-1,-1,-1,-1,-1,-1,-1
936,1732515712,50583,59,15,-1,-1,15,60,-1,-1,-1,-1,-1,-1,-1,-1,-1
849,1732515276,50847,269,24,-1,-1,24,300,-1,-1,-1,-1,-1,-1,-1,-1,-1
920,1732515632,50359,404,15,-1,-1,15,420,-1,-1,-1,-1,-1,-1,-1,-1,-1
911,1732515586,50810,62,19,-1,-1,19,60,-1,-1,-1,-1,-1,-1,-1,-1,-1
878,1732515421,50733,383,21,-1,-1,21,420,-1,-1,-1,-1,-1,-1,-1,-1,-1
938,1732515722,50633,285,14,-1,-1,14,300,-1,-1,-1,-1,-1,-1,-1,-1,-1
951,1732515787,50854,58,15,-1,-1,15,60,-1,-1,-1,-1,-1,-1,-1,-1,-1
912,1732515591,50868,537,19,-1,-1,19,600,-1,-1,-1,-1,-1,-1,-1,-1,-1
879,1732515426,50967,752,21,-1,-1,21,900,-1,-1,-1,-1,-1,-1,-1,-1,-1
881,1732515436,51711,58,22,-1,-1,22,60,-1,-1,-1,-1,-1,-1,-1,-1,-1
916,1732515611,51386,352,18,-1,-1,18,420,-1,-1,-1,-1,-1,-1,-1,-1,-1
882,1732515441,51097,859,20,-1,-1,20,900,-1,-1,-1,-1,-1,-1,-1,-1,-1
890,1732515481,51725,249,20,-1,-1,20,300,-1,-1,-1,-1,-1,-1,-1,-1,-1
893,1732515496,51855,149,20,-1,-1,20,180,-1,-1,-1,-1,-1,-1,-1,-1,-1
958,1732515822,50878,804,15,-1,-1,15,900,-1,-1,-1,-1,-1,-1,-1,-1,-1
923,1732515647,51854,61,16,-1,-1,16,60,-1,-1,-1,-1,-1,-1,-1,-1,-1
926,1732515662,51901,160,17,-1,-1,17,180,-1,-1,-1,-1,-1,-1,-1,-1,-1
902,1732515541,51858,342,20,-1,-1,20,420,-1,-1,-1,-1,-1,-1,-1,-1,-1
898,1732515521,52221,53,21,-1,-1,21,60,-1,-1,-1,-1,-1,-1,-1,-1,-1
917,1732515616,51840,530,20,-1,-1,20,600,-1,-1,-1,-1,-1,-1,-1,-1,-1
937,1732515717,52007,535,16,-1,-1,16,600,-1,-1,-1,-1,-1,-1,-1,-1,-1
957,1732515817,52443,62,17,-1,-1,17,60,-1,-1,-1,-1,-1,-1,-1,-1,-1
925,1732515657,51849,865,18,-1,-1,18,900,-1,-1,-1,-1,-1,-1,-1,-1,-1
932,1732515692,52104,588,21,-1,-1,21,600,-1,-1,-1,-1,-1,-1,-1,-1,-1
960,1732515832,52492,245,14,-1,-1,14,300,-1,-1,-1,-1,-1,-1,-1,-1,-1
909,1732515576,52809,280,22,-1,-1,22,300,-1,-1,-1,-1,-1,-1,-1,-1,-1
935,1732515707,52280,875,19,-1,-1,19,900,-1,-1,-1,-1,-1,-1,-1,-1,-1
975,1732515907,52664,339,13,-1,-1,13,420,-1,-1,-1,-1,-1,-1,-1,-1,-1
944,1732515752,52620,560,20,-1,-1,20,600,-1,-1,-1,-1,-1,-1,-1,-1,-1
982,1732515942,52969,54,11,-1,-1,11,60,-1,-1,-1,-1,-1,-1,-1,-1,-1
945,1732515757,53107,162,19,-1,-1,19,180,-1,-1,-1,-1,-1,-1,-1,-1,-1
903,1732515546,53120,592,23,-1,-1,23,600,-1,-1,-1,-1,-1,-1,-1,-1,-1
947,1732515767,53166,366,22,-1,-1,22,420,-1,-1,-1,-1,-1,-1,-1,-1,-1
880,1732515431,53596,369,24,-1,-1,24,420,-1,-1,-1,-1,-1,-1,-1,-1,-1
894,1732515501,53759,160,24,-1,-1,24,180,-1,-1,-1,-1,-1,-1,-1,-1,-1
922,1732515642,53779,178,24,-1,-1,24,180,-1,-1,-1,-1,-1,-1,-1,-1,-1
928,1732515672,53928,57,23,-1,-1,23,60,-1,-1,-1,-1,-1,-1,-1,-1,-1
913,1732515596,53801,285,24,-1,-1,24,300,-1,-1,-1,-1,-1,-1,-1,-1,-1
948,1732515772,53911,52,20,-1,-1,20,60,-1,-1,-1,-1,-1,-1,-1,-1,-1
899,1732515526,53774,738,24,-1,-1,24,900,-1,-1,-1,-1,-1,-1,-1,-1,-1
939,1732515727,53931,418,24,-1,-1,24,420,-1,-1,-1,-1,-1,-1,-1,-1,-1
955,1732515807,54232,162,23,-1,-1,23,180,-1,-1,-1,-1,-1,-1,-1,-1,-1
953,1732515797,53939,768,24,-1,-1,24,900,-1,-1,-1,-1,-1,-1,-1,-1,-1
967,1732515867,54639,274,19,-1,-1,19,300,-1,-1,-1,-1,-1,-1,-1,-1,-1
961,1732515837,54241,751,19,-1,-1,19,900,-1,-1,-1,-1,-1,-1,-1,-1,-1
969,1732515877,54904,61,15,-1,-1,15,60,-1,-1,-1,-1,-1,-1,-1,-1,-1
987,1732515967,54236,744,12,-1,-1,12,900,-1,-1,-1,-1,-1,-1,-1,-1,-1
963,1732515847,54356,821,20,-1,-1,20,900,-1,-1,-1,-1,-1,-1,-1,-1,-1
977,1732515917,55031,164,15,-1,-1,15,180,-1,-1,-1,-1,-1,-1,-1,-1,-1
978,1732515922,55191,56,17,-1,-1,17,60,-1,-1,-1,-1,-1,-1,-1,-1,-1
971,1732515887,54956,365,20,-1,-1,20,420,-1,-1,-1,-1,-1,-1,-1,-1,-1
980,1732515932,55238,153,14,-1,-1,14,180,-1,-1,-1,-1,-1,-1,-1,-1,-1
970,1732515882,54948,511,17,-1,-1,17,600,-1,-1,-1,-1,-1,-1,-1,-1,-1
983,1732515947,55377,53,16,-1,-1,16,60,-1,-1,-1,-1,-1,-1,-1,-1,-1
984,1732515952,55390,53,13,-1,-1,13,60,-1,-1,-1,-1,-1,-1,-1,-1,-1
986,1732515962,55416,59,14,-1,-1,14,60,-1,-1,-1,-1,-1,-1,-1,-1,-1
991,1732515987,55409,55,16,-1,-1,16,60,-1,-1,-1,-1,-1,-1,-1,-1,-1
992,1732515992,55447,52,14,-1,-1,14,60,-1,-1,-1,-1,-1,-1,-1,-1,-1
997,1732516018,55434,178,14,-1,-1,14,180,-1,-1,-1,-1,-1,-1,-1,-1,-1
974,1732515902,55307,591,22,-1,-1,22,600,-1,-1,-1,-1,-1,-1,-1,-1,-1
973,1732515897,55128,832,19,-1,-1,19,900,-1,-1,-1,-1,-1,-1,-1,-1,-1
989,1732515977,55654,274,23,-1,-1,23,300,-1,-1,-1,-1,-1,-1,-1,-1,-1
994,1732516002,55800,555,24,-1,-1,24,600,-1,-1,-1,-1,-1,-1,-1,-1,-1