1;1732511020.0;0.0;280.0;13;-1.0;-1.0;13;300.0;-1.0;-1;-1;-1;-1;-1;-1;-1;-1
2;1732511025.0;0.0;831.0;23;-1.0;-1.0;23;900.0;-1.0;-1;-1;-1;-1;-1;-1;-1;-1
3;1732511030.0;0.0;163.0;20;-1.0;-1.0;20;180.0;-1.0;-1;-1;-1;-1;-1;-1;-1;-1
4;1732511035.0;0.0;299.0;18;-1.0;-1.0;18;300.0;-1.0;-1;-1;-1;-1;-1;-1;-1;-1
5;1732511040.0;818.0;383.0;23;-1.0;-1.0;23;420.0;-1.0;-1;-1;-1;-1;-1;-1;-1;-1
6;1732511045.0;149.0;487.0;5;-1.0;-1.0;5;600.0;-1.0;-1;-1;-1;-1;-1;-1;-1;-1
7;1732511050.0;285.0;244.0;16;-1.0;-1.0;16;300.0;-1.0;-1;-1;-1;-1;-1;-1;-1;-1
8;1732511055.0;0.0;804.0;1;-1.0;-1.0;1;900.0;-1.0;-1;-1;-1;-1;-1;-1;-1;-1
9;1732511060.0;134.0;831.0;10;-1.0;-1.0;10;900.0;-1.0;-1;-1;-1;-1;-1;-1;-1;-1
10;1732511065.0;516.0;870.0;17;-1.0;-1.0;17;900.0;-1.0;-1;-1;-1;-1;-1;-1;-1;-1
11;1732511070.0;1172.0;588.0;22;-1.0;-1.0;22;600.0;-1.0;-1;-1;-1;-1;-1;-1;-1;-1
12;1732511075.0;119.0;856.0;2;-1.0;-1.0;2;900.0;-1.0;-1;-1;-1;-1;-1;-1;-1;-1
13;1732511080.0;1751.0;148.0;19;-1.0;-1.0;19;180.0;-1.0;-1;-1;-1;-1;-1;-1;-1;-1
14;1732511085.0;216.0;896.0;7;-1.0;-1.0;7;900.0;-1.0;-1;-1;-1;-1;-1;-1;-1;-1
15;1732511090.0;24967.0;278.0;22;-1.0;-1.0;22;300.0;-1.0;-1;-1;-1;-1;-1;-1;-1;-1
16;1732511095.0;1357.0;163.0;13;-1.0;-1.0;13;180.0;-1.0;-1;-1;-1;-1;-1;-1;-1;-1
17;1732511100.0;1880.0;541.0;19;-1.0;-1.0;19;600.0;-1.0;-1;-1;-1;-1;-1;-1;-1;-1
18;1732511105.0;11987.0;249.0;20;-1.0;-1.0;20;300.0;-1.0;-1;-1;-1;-1;-1;-1;-1;-1
19;1732511110.0;917.0;165.0;10;-1.0;-1.0;10;180.0;-1.0;-1;-1;-1;-1;-1;-1;-1;-1
20;1732511115.0;25221.0;398.0;24;-1.0;-1.0;24;420.0;-1.0;-1;-1;-1;-1;-1;-1;-1;-1
21;1732511120.0;1073.0;180.0;10;-1.0;-1.0;10;180.0;-1.0;-1;-1;-1;-1;-1;-1;-1;-1
22;1732511126.0;1250.0;177.0;8;-1.0;-1.0;8;180.0;-1.0;-1;-1;-1;-1;-1;-1;-1;-1
23;1732511131.0;63.0;291.0;1;-1.0;-1.0;1;300.0;-1.0;-1;-1;-1;-1;-1;-1;-1;-1
24;1732511136.0;12788.0;56.0;21;-1.0;-1.0;21;60.0;-1.0;-1;-1;-1;-1;-1;-1;-1;-1
25;1732511141.0;160.0;343.0;5;-1.0;-1.0;5;420.0;-1.0;-1;-1;-1;-1;-1;-1;-1;-1
26;1732511146.0;2376.0;571.0;19;-1.0;-1.0;19;600.0;-1.0;-1;-1;-1;-1;-1;-1;-1;-1
27;1732511151.0;25246.0;60.0;23;-1.0;-1.0;23;60.0;-1.0;-1;-1;-1;-1;-1;-1;-1;-1
28;1732511156.0;1460.0;746.0;13;-1.0;-1.0;13;900.0;-1.0;-1;-1;-1;-1;-1;-1;-1;-1
29;1732511161.0;12821.0;169.0;21;-1.0;-1.0;21;180.0;-1.0;-1;-1;-1;-1;-1;-1;-1;-1
30;1732511166.0;479.0;180.0;6;-1.0;-1.0;6;180.0;-1.0;-1;-1;-1;-1;-1;-1;-1;-1
31;1732511171.0;2924.0;300.0;17;-1.0;-1.0;17;300.0;-1.0;-1;-1;-1;-1;-1;-1;-1;-1
32;1732511176.0;12166.0;581.0;20;-1.0;-1.0;20;600.0;-1.0;-1;-1;-1;-1;-1;-1;-1;-1
33;1732511181.0;2182.0;51.0;10;-1.0;-1.0;10;60.0;-1.0;-1;-1;-1;-1;-1;-1;-1;-1
34;1732511186.0;1368.0;250.0;8;-1.0;-1.0;8;300.0;-1.0;-1;-1;-1;-1;-1;-1;-1;-1
35;1732511191.0;12961.0;856.0;19;-1.0;-1.0;19;900.0;-1.0;-1;-1;-1;-1;-1;-1;-1;-1
36;1732511196.0;487.0;53.0;4;-1.0;-1.0;4;60.0;-1.0;-1;-1;-1;-1;-1;-1;-1;-1
37;1732511201.0;5140.0;523.0;18;-1.0;-1.0;18;600.0;-1.0;-1;-1;-1;-1;-1;-1;-1;-1
38;1732511206.0;3192.0;247.0;15;-1.0;-1.0;15;300.0;-1.0;-1;-1;-1;-1;-1;-1;-1;-1
39;1732511211.0;2204.0;418.0;9;-1.0;-1.0;9;420.0;-1.0;-1;-1;-1;-1;-1;-1;-1;-1
40;1732511216.0;5649.0;296.0;17;-1.0;-1.0;17;300.0;-1.0;-1;-1;-1;-1;-1;-1;-1;-1
41;1732511221.0;13788.0;548.0;19;-1.0;-1.0;19;600.0;-1.0;-1;-1;-1;-1;-1;-1;-1;-1
42;1732511226.0;512.0;860.0;4;-1.0;-1.0;4;900.0;-1.0;-1;-1;-1;-1;-1;-1;-1;-1
43;1732511231.0;5931.0;276.0;16;-1.0;-1.0;16;300.0;-1.0;-1;-1;-1;-1;-1;-1;-1;-1
44;1732511236.0;6204.0;57.0;16;-1.0;-1.0;16;60.0;-1.0;-1;-1;-1;-1;-1;-1;-1;-1
45;1732511241.0;25218.0;169.0;23;-1.0;-1.0;23;180.0;-1.0;-1;-1;-1;-1;-1;-1;-1;-1
46;1732511246.0;583.0;879.0;4;-1.0;-1.0;4;900.0;-1.0;-1;-1;-1;-1;-1;-1;-1;-1
47;1732511251.0;14307.0;420.0;19;-1.0;-1.0;19;420.0;-1.0;-1;-1;-1;-1;-1;-1;-1;-1
48;1732511256.0;14724.0;180.0;20;-1.0;-1.0;20;180.0;-1.0;-1;-1;-1;-1;-1;-1;-1;-1
49;1732511261.0;3385.0;60.0;10;-1.0;-1.0;10;60.0;-1.0;-1;-1;-1;-1;-1;-1;-1;-1
50;1732511266.0;6232.0;152.0;14;-1.0;-1.0;14;180.0;-1.0;-1;-1;-1;-1;-1;-1;-1;-1
51;1732511271.0;3997.0;155.0;12;-1.0;-1.0;12;180.0;-1.0;-1;-1;-1;-1;-1;-1;-1;-1
52;1732511276.0;0.0;169.0;2;-1.0;-1.0;2;180.0;-1.0;-1;-1;-1;-1;-1;-1;-1;-1
53;1732511281.0;25454.0;350.0;24;-1.0;-1.0;24;420.0;-1.0;-1;-1;-1;-1;-1;-1;-1;-1
54;1732511286.0;9084.0;55.0;18;-1.0;-1.0;18;60.0;-1.0;-1;-1;-1;-1;-1;-1;-1;-1
55;1732511291.0;1514.0;278.0;8;-1.0;-1.0;8;300.0;-1.0;-1;-1;-1;-1;-1;-1;-1;-1
56;1732511296.0;25334.0;57.0;23;-1.0;-1.0;23;60.0;-1.0;-1;-1;-1;-1;-1;-1;-1;-1
57;1732511301.0;0.0;157.0;1;-1.0;-1.0;1;180.0;-1.0;-1;-1;-1;-1;-1;-1;-1;-1
58;1732511306.0;9120.0;377.0;16;-1.0;-1.0;16;420.0;-1.0;-1;-1;-1;-1;-1;-1;-1;-1
59;1732511311.0;887.0;262.0;4;-1.0;-1.0;4;300.0;-1.0;-1;-1;-1;-1;-1;-1;-1;-1
60;1732511316.0;19.0;271.0;1;-1.0;-1.0;1;300.0;-1.0;-1;-1;-1;-1;-1;-1;-1;-1
61;1732511321.0;25367.0;178.0;22;-1.0;-1.0;22;180.0;-1.0;-1;-1;-1;-1;-1;-1;-1;-1
62;1732511326.0;25760.0;60.0;24;-1.0;-1.0;24;60.0;-1.0;-1;-1;-1;-1;-1;-1;-1;-1
63;1732511331.0;25819.0;295.0;24;-1.0;-1.0;24;300.0;-1.0;-1;-1;-1;-1;-1;-1;-1;-1
64;1732511336.0;26110.0;53.0;24;-1.0;-1.0;24;60.0;-1.0;-1;-1;-1;-1;-1;-1;-1;-1
65;1732511341.0;1111.0;577.0;4;-1.0;-1.0;4;600.0;-1.0;-1;-1;-1;-1;-1;-1;-1;-1
66;1732511346.0;25521.0;363.0;21;-1.0;-1.0;21;420.0;-1.0;-1;-1;-1;-1;-1;-1;-1;-1
67;1732511351.0;1733.0;258.0;7;-1.0;-1.0;7;300.0;-1.0;-1;-1;-1;-1;-1;-1;-1;-1
68;1732511356.0;26144.0;243.0;22;-1.0;-1.0;22;300.0;-1.0;-1;-1;-1;-1;-1;-1;-1;-1
69;1732511361.0;14801.0;342.0;19;-1.0;-1.0;19;420.0;-1.0;-1;-1;-1;-1;-1;-1;-1;-1
70;1732511366.0;4059.0;854.0;13;-1.0;-1.0;13;900.0;-1.0;-1;-1;-1;-1;-1;-1;-1;-1
71;1732511371.0;25860.0;299.0;21;-1.0;-1.0;21;300.0;-1.0;-1;-1;-1;-1;-1;-1;-1;-1
72;1732511376.0;3331.0;560.0;11;-1.0;-1.0;11;600.0;-1.0;-1;-1;-1;-1;-1;-1;-1;-1
73;1732511381.0;15124.0;180.0;19;-1.0;-1.0;19;180.0;-1.0;-1;-1;-1;-1;-1;-1;-1;-1
74;1732511386.0;4894.0;60.0;12;-1.0;-1.0;12;60.0;-1.0;-1;-1;-1;-1;-1;-1;-1;-1
75;1732511391.0;1952.0;390.0;7;-1.0;-1.0;7;420.0;-1.0;-1;-1;-1;-1;-1;-1;-1;-1
76;1732511396.0;50.0;59.0;2;-1.0;-1.0;2;60.0;-1.0;-1;-1;-1;-1;-1;-1;-1;-1
77;1732511401.0;9403.0;289.0;16;-1.0;-1.0;16;300.0;-1.0;-1;-1;-1;-1;-1;-1;-1;-1
78;1732511406.0;100.0;348.0;2;-1.0;-1.0;2;420.0;-1.0;-1;-1;-1;-1;-1;-1;-1;-1
79;1732511411.0;26121.0;246.0;22;-1.0;-1.0;22;300.0;-1.0;-1;-1;-1;-1;-1;-1;-1;-1
80;1732511416.0;26328.0;168.0;21;-1.0;-1.0;21;180.0;-1.0;-1;-1;-1;-1;-1;-1;-1;-1
81;1732511421.0;6230.0;277.0;11;-1.0;-1.0;11;300.0;-1.0;-1;-1;-1;-1;-1;-1;-1;-1
82;1732511426.0;9668.0;57.0;16;-1.0;-1.0;16;60.0;-1.0;-1;-1;-1;-1;-1;-1;-1;-1
83;1732511431.0;1030.0;797.0;4;-1.0;-1.0;4;900.0;-1.0;-1;-1;-1;-1;-1;-1;-1;-1
84;1732511436.0;26343.0;404.0;21;-1.0;-1.0;21;420.0;-1.0;-1;-1;-1;-1;-1;-1;-1;-1
85;1732511441.0;6488.0;367.0;11;-1.0;-1.0;11;420.0;-1.0;-1;-1;-1;-1;-1;-1;-1;-1
86;1732511446.0;2288.0;160.0;6;-1.0;-1.0;6;180.0;-1.0;-1;-1;-1;-1;-1;-1;-1;-1
87;1732511451.0;6846.0;385.0;12;-1.0;-1.0;12;420.0;-1.0;-1;-1;-1;-1;-1;-1;-1;-1
88;1732511456.0;0.0;60.0;1;-1.0;-1.0;1;60.0;-1.0;-1;-1;-1;-1;-1;-1;-1;-1
89;1732511461.0;0.0;504.0;1;-1.0;-1.0;1;600.0;-1.0;-1;-1;-1;-1;-1;-1;-1;-1
90;1732511466.0;10872.0;752.0;18;-1.0;-1.0;18;900.0;-1.0;-1;-1;-1;-1;-1;-1;-1;-1
91;1732511471.0;12884.0;400.0;18;-1.0;-1.0;18;420.0;-1.0;-1;-1;-1;-1;-1;-1;-1;-1
92;1732511476.0;9677.0;165.0;17;-1.0;-1.0;17;180.0;-1.0;-1;-1;-1;-1;-1;-1;-1;-1
93;1732511481.0;8018.0;870.0;14;-1.0;-1.0;14;900.0;-1.0;-1;-1;-1;-1;-1;-1;-1;-1
94;1732511486.0;9833.0;860.0;17;-1.0;-1.0;17;900.0;-1.0;-1;-1;-1;-1;-1;-1;-1;-1
95;1732511491.0;28.0;59.0;2;-1.0;-1.0;2;60.0;-1.0;-1;-1;-1;-1;-1;-1;-1;-1
96;1732511496.0;26418.0;53.0;21;-1.0;-1.0;21;60.0;-1.0;-1;-1;-1;-1;-1;-1;-1;-1
97;1732511501.0;328.0;366.0;3;-1.0;-1.0;3;420.0;-1.0;-1;-1;-1;-1;-1;-1;-1;-1
98;1732511506.0;1093.0;55.0;4;-1.0;-1.0;4;60.0;-1.0;-1;-1;-1;-1;-1;-1;-1;-1
99;1732511511.0;7172.0;60.0;12;-1.0;-1.0;12;60.0;-1.0;-1;-1;-1;-1;-1;-1;-1;-1
100;1732511516.0;15170.0;268.0;19;-1.0;-1.0;19;300.0;-1.0;-1;-1;-1;-1;-1;-1;-1;-1
101;1732511521.0;26447.0;366.0;21;-1.0;-1.0;21;420.0;-1.0;-1;-1;-1;-1;-1;-1;-1;-1
102;1732511527.0;9332.0;358.0;13;-1.0;-1.0;13;420.0;-1.0;-1;-1;-1;-1;-1;-1;-1;-1
103;1732511532.0;10580.0;531.0;14;-1.0;-1.0;14;600.0;-1.0;-1;-1;-1;-1;-1;-1;-1;-1
104;1732511537.0;24527.0;53.0;20;-1.0;-1.0;20;60.0;-1.0;-1;-1;-1;-1;-1;-1;-1;-1
105;1732511542.0;2292.0;389.0;8;-1.0;-1.0;8;420.0;-1.0;-1;-1;-1;-1;-1;-1;-1;-1
106;1732511547.0;13210.0;54.0;18;-1.0;-1.0;18;60.0;-1.0;-1;-1;-1;-1;-1;-1;-1;-1
107;1732511552.0;2673.0;590.0;7;-1.0;-1.0;7;600.0;-1.0;-1;-1;-1;-1;-1;-1;-1;-1
108;1732511557.0;15398.0;345.0;19;-1.0;-1.0;19;420.0;-1.0;-1;-1;-1;-1;-1;-1;-1;-1
109;1732511562.0;2334.0;371.0;6;-1.0;-1.0;6;420.0;-1.0;-1;-1;-1;-1;-1;-1;-1;-1
110;1732511567.0;3250.0;402.0;7;-1.0;-1.0;7;420.0;-1.0;-1;-1;-1;-1;-1;-1;-1;-1
111;1732511572.0;26891.0;387.0;22;-1.0;-1.0;22;420.0;-1.0;-1;-1;-1;-1;-1;-1;-1;-1
112;1732511577.0;29666.0;284.0;24;-1.0;-1.0;24;300.0;-1.0;-1;-1;-1;-1;-1;-1;-1;-1
113;1732511582.0;2687.0;267.0;6;-1.0;-1.0;6;300.0;-1.0;-1;-1;-1;-1;-1;-1;-1;-1
114;1732511587.0;15715.0;414.0;19;-1.0;-1.0;19;420.0;-1.0;-1;-1;-1;-1;-1;-1;-1;-1
115;1732511592.0;26592.0;278.0;21;-1.0;-1.0;21;300.0;-1.0;-1;-1;-1;-1;-1;-1;-1;-1
116;1732511597.0;7148.0;412.0;12;-1.0;-1.0;12;420.0;-1.0;-1;-1;-1;-1;-1;-1;-1;-1
117;1732511602.0;24516.0;278.0;20;-1.0;-1.0;20;300.0;-1.0;-1;-1;-1;-1;-1;-1;-1;-1
118;1732511607.0;10573.0;157.0;17;-1.0;-1.0;17;180.0;-1.0;-1;-1;-1;-1;-1;-1;-1;-1
119;1732511612.0;0.0;790.0;1;-1.0;-1.0;1;900.0;-1.0;-1;-1;-1;-1;-1;-1;-1;-1
120;1732511617.0;11027.0;53.0;15;-1.0;-1.0;15;60.0;-1.0;-1;-1;-1;-1;-1;-1;-1;-1
121;1732511622.0;2915.0;587.0;6;-1.0;-1.0;6;600.0;-1.0;-1;-1;-1;-1;-1;-1;-1;-1
122;1732511627.0;5048.0;54.0;10;-1.0;-1.0;10;60.0;-1.0;-1;-1;-1;-1;-1;-1;-1;-1
123;1732511632.0;9586.0;52.0;13;-1.0;-1.0;13;60.0;-1.0;-1;-1;-1;-1;-1;-1;-1;-1
124;1732511637.0;13175.0;841.0;16;-1.0;-1.0;16;900.0;-1.0;-1;-1;-1;-1;-1;-1;-1;-1
125;1732511642.0;7265.0;849.0;11;-1.0;-1.0;11;900.0;-1.0;-1;-1;-1;-1;-1;-1;-1;-1
126;1732511647.0;4475.0;400.0;8;-1.0;-1.0;8;420.0;-1.0;-1;-1;-1;-1;-1;-1;-1;-1
127;1732511652.0;1765.0;253.0;5;-1.0;-1.0;5;300.0;-1.0;-1;-1;-1;-1;-1;-1;-1;-1
128;1732511657.0;3563.0;734.0;7;-1.0;-1.0;7;900.0;-1.0;-1;-1;-1;-1;-1;-1;-1;-1
129;1732511662.0;27190.0;384.0;22;-1.0;-1.0;22;420.0;-1.0;-1;-1;-1;-1;-1;-1;-1;-1
130;1732511667.0;7492.0;339.0;12;-1.0;-1.0;12;420.0;-1.0;-1;-1;-1;-1;-1;-1;-1;-1
131;1732511672.0;8818.0;595.0;12;-1.0;-1.0;12;600.0;-1.0;-1;-1;-1;-1;-1;-1;-1;-1
132;1732511677.0;1949.0;519.0;5;-1.0;-1.0;5;600.0;-1.0;-1;-1;-1;-1;-1;-1;-1;-1
133;1732511682.0;173.0;751.0;2;-1.0;-1.0;2;900.0;-1.0;-1;-1;-1;-1;-1;-1;-1;-1
134;1732511687.0;29841.0;547.0;24;-1.0;-1.0;24;600.0;-1.0;-1;-1;-1;-1;-1;-1;-1;-1
135;1732511692.0;2865.0;487.0;6;-1.0;-1.0;6;600.0;-1.0;-1;-1;-1;-1;-1;-1;-1;-1
136;1732511697.0;3348.0;146.0;6;-1.0;-1.0;6;180.0;-1.0;-1;-1;-1;-1;-1;-1;-1;-1
137;1732511702.0;15910.0;756.0;18;-1.0;-1.0;18;900.0;-1.0;-1;-1;-1;-1;-1;-1;-1;-1
138;1732511707.0;13947.0;275.0;17;-1.0;-1.0;17;300.0;-1.0;-1;-1;-1;-1;-1;-1;-1;-1
139;1732511712.0;14218.0;722.0;16;-1.0;-1.0;16;900.0;-1.0;-1;-1;-1;-1;-1;-1;-1;-1
140;1732511717.0;8040.0;150.0;11;-1.0;-1.0;11;180.0;-1.0;-1;-1;-1;-1;-1;-1;-1;-1
141;1732511722.0;9300.0;148.0;12;-1.0;-1.0;12;180.0;-1.0;-1;-1;-1;-1;-1;-1;-1;-1
142;1732511727.0;5004.0;897.0;9;-1.0;-1.0;9;900.0;-1.0;-1;-1;-1;-1;-1;-1;-1;-1
143;1732511732.0;10967.0;416.0;14;-1.0;-1.0;14;420.0;-1.0;-1;-1;-1;-1;-1;-1;-1;-1
144;1732511737.0;14917.0;408.0;16;-1.0;-1.0;16;420.0;-1.0;-1;-1;-1;-1;-1;-1;-1;-1
145;1732511742.0;26593.0;273.0;20;-1.0;-1.0;20;300.0;-1.0;-1;-1;-1;-1;-1;-1;-1;-1
146;1732511747.0;5771.0;879.0;9;-1.0;-1.0;9;900.0;-1.0;-1;-1;-1;-1;-1;-1;-1;-1
147;1732511752.0;903.0;51.0;4;-1.0;-1.0;4;60.0;-1.0;-1;-1;-1;-1;-1;-1;-1;-1
148;1732511757.0;9329.0;58.0;12;-1.0;-1.0;12;60.0;-1.0;-1;-1;-1;-1;-1;-1;-1;-1
149;1732511762.0;26847.0;726.0;20;-1.0;-1.0;20;900.0;-1.0;-1;-1;-1;-1;-1;-1;-1;-1
150;1732511767.0;1904.0;885.0;5;-1.0;-1.0;5;900.0;-1.0;-1;-1;-1;-1;-1;-1;-1;-1
151;1732511772.0;8136.0;533.0;11;-1.0;-1.0;11;600.0;-1.0;-1;-1;-1;-1;-1;-1;-1;-1
152;1732511777.0;4746.0;151.0;8;-1.0;-1.0;8;180.0;-1.0;-1;-1;-1;-1;-1;-1;-1;-1
153;1732511782.0;8661.0;414.0;11;-1.0;-1.0;11;420.0;-1.0;-1;-1;-1;-1;-1;-1;-1;-1
154;1732511787.0;5842.0;509.0;9;-1.0;-1.0;9;600.0;-1.0;-1;-1;-1;-1;-1;-1;-1;-1
155;1732511792.0;15925.0;502.0;18;-1.0;-1.0;18;600.0;-1.0;-1;-1;-1;-1;-1;-1;-1;-1
156;1732511797.0;6523.0;586.0;10;-1.0;-1.0;10;600.0;-1.0;-1;-1;-1;-1;-1;-1;-1;-1
157;1732511802.0;164.0;766.0;2;-1.0;-1.0;2;900.0;-1.0;-1;-1;-1;-1;-1;-1;-1;-1
158;1732511807.0;11310.0;373.0;15;-1.0;-1.0;15;420.0;-1.0;-1;-1;-1;-1;-1;-1;-1;-1
159;1732511812.0;2107.0;551.0;5;-1.0;-1.0;5;600.0;-1.0;-1;-1;-1;-1;-1;-1;-1;-1
160;1732511817.0;380.0;567.0;3;-1.0;-1.0;3;600.0;-1.0;-1;-1;-1;-1;-1;-1;-1;-1
161;1732511822.0;9449.0;840.0;13;-1.0;-1.0;13;900.0;-1.0;-1;-1;-1;-1;-1;-1;-1;-1
162;1732511827.0;7718.0;171.0;10;-1.0;-1.0;10;180.0;-1.0;-1;-1;-1;-1;-1;-1;-1;-1
163;1732511832.0;11659.0;159.0;14;-1.0;-1.0;14;180.0;-1.0;-1;-1;-1;-1;-1;-1;-1;-1
164;1732511837.0;215.0;247.0;2;-1.0;-1.0;2;300.0;-1.0;-1;-1;-1;-1;-1;-1;-1;-1
165;1732511842.0;16378.0;60.0;18;-1.0;-1.0;18;60.0;-1.0;-1;-1;-1;-1;-1;-1;-1;-1
166;1732511847.0;11804.0;56.0;13;-1.0;-1.0;13;60.0;-1.0;-1;-1;-1;-1;-1;-1;-1;-1
167;1732511852.0;16431.0;569.0;18;-1.0;-1.0;18;600.0;-1.0;-1;-1;-1;-1;-1;-1;-1;-1
168;1732511857.0;27380.0;389.0;21;-1.0;-1.0;21;420.0;-1.0;-1;-1;-1;-1;-1;-1;-1;-1
169;1732511862.0;27666.0;52.0;21;-1.0;-1.0;21;60.0;-1.0;-1;-1;-1;-1;-1;-1;-1;-1
170;1732511867.0;7850.0;60.0;10;-1.0;-1.0;10;60.0;-1.0;-1;-1;-1;-1;-1;-1;-1;-1
171;1732511872.0;5365.0;581.0;8;-1.0;-1.0;8;600.0;-1.0;-1;-1;-1;-1;-1;-1;-1;-1
172;1732511877.0;27705.0;50.0;21;-1.0;-1.0;21;60.0;-1.0;-1;-1;-1;-1;-1;-1;-1;-1
173;1732511882.0;15182.0;547.0;16;-1.0;-1.0;16;600.0;-1.0;-1;-1;-1;-1;-1;-1;-1;-1
174;1732511887.0;820.0;352.0;4;-1.0;-1.0;4;420.0;-1.0;-1;-1;-1;-1;-1;-1;-1;-1
175;1732511892.0;16477.0;407.0;15;-1.0;-1.0;15;420.0;-1.0;-1;-1;-1;-1;-1;-1;-1;-1
176;1732511897.0;9248.0;179.0;11;-1.0;-1.0;11;180.0;-1.0;-1;-1;-1;-1;-1;-1;-1;-1
177;1732511902.0;5818.0;886.0;9;-1.0;-1.0;9;900.0;-1.0;-1;-1;-1;-1;-1;-1;-1;-1
178;1732511907.0;27720.0;51.0;21;-1.0;-1.0;21;60.0;-1.0;-1;-1;-1;-1;-1;-1;-1;-1
179;1732511912.0;3717.0;355.0;7;-1.0;-1.0;7;420.0;-1.0;-1;-1;-1;-1;-1;-1;-1;-1
180;1732511917.0;6222.0;180.0;9;-1.0;-1.0;9;180.0;-1.0;-1;-1;-1;-1;-1;-1;-1;-1
181;1732511922.0;16855.0;793.0;15;-1.0;-1.0;15;900.0;-1.0;-1;-1;-1;-1;-1;-1;-1;-1
182;1732511928.0;270.0;300.0;2;-1.0;-1.0;2;300.0;-1.0;-1;-1;-1;-1;-1;-1;-1;-1
183;1732511933.0;9238.0;246.0;11;-1.0;-1.0;11;300.0;-1.0;-1;-1;-1;-1;-1;-1;-1;-1
184;1732511938.0;363.0;737.0;2;-1.0;-1.0;2;900.0;-1.0;-1;-1;-1;-1;-1;-1;-1;-1
185;1732511943.0;3182.0;511.0;6;-1.0;-1.0;6;600.0;-1.0;-1;-1;-1;-1;-1;-1;-1;-1
186;1732511948.0;7832.0;153.0;10;-1.0;-1.0;10;180.0;-1.0;-1;-1;-1;-1;-1;-1;-1;-1
187;1732511953.0;16901.0;578.0;18;-1.0;-1.0;18;600.0;-1.0;-1;-1;-1;-1;-1;-1;-1;-1
188;1732511958.0;17475.0;834.0;15;-1.0;-1.0;15;900.0;-1.0;-1;-1;-1;-1;-1;-1;-1;-1
189;1732511963.0;27716.0;299.0;22;-1.0;-1.0;22;300.0;-1.0;-1;-1;-1;-1;-1;-1;-1;-1
190;1732511968.0;30108.0;254.0;23;-1.0;-1.0;23;300.0;-1.0;-1;-1;-1;-1;-1;-1;-1;-1
191;1732511973.0;20222.0;371.0;17;-1.0;-1.0;17;420.0;-1.0;-1;-1;-1;-1;-1;-1;-1;-1
192;1732511978.0;19934.0;281.0;16;-1.0;-1.0;16;300.0;-1.0;-1;-1;-1;-1;-1;-1;-1;-1
193;1732511983.0;7952.0;740.0;10;-1.0;-1.0;10;900.0;-1.0;-1;-1;-1;-1;-1;-1;-1;-1
194;1732511988.0;27290.0;249.0;20;-1.0;-1.0;20;300.0;-1.0;-1;-1;-1;-1;-1;-1;-1;-1
195;1732511993.0;506.0;158.0;3;-1.0;-1.0;3;180.0;-1.0;-1;-1;-1;-1;-1;-1;-1;-1
196;1732511998.0;20569.0;856.0;17;-1.0;-1.0;17;900.0;-1.0;-1;-1;-1;-1;-1;-1;-1;-1
197;1732512003.0;3189.0;380.0;6;-1.0;-1.0;6;420.0;-1.0;-1;-1;-1;-1;-1;-1;-1;-1
198;1732512008.0;190.0;754.0;1;-1.0;-1.0;1;900.0;-1.0;-1;-1;-1;-1;-1;-1;-1;-1
199;1732512013.0;697.0;553.0;4;-1.0;-1.0;4;600.0;-1.0;-1;-1;-1;-1;-1;-1;-1;-1
200;1732512018.0;17553.0;54.0;15;-1.0;-1.0;15;60.0;-1.0;-1;-1;-1;-1;-1;-1;-1;-1
201;1732512023.0;3918.0;180.0;7;-1.0;-1.0;7;180.0;-1.0;-1;-1;-1;-1;-1;-1;-1;-1
202;1732512028.0;2118.0;56.0;5;-1.0;-1.0;5;60.0;-1.0;-1;-1;-1;-1;-1;-1;-1;-1
203;1732512033.0;2170.0;271.0;5;-1.0;-1.0;5;300.0;-1.0;-1;-1;-1;-1;-1;-1;-1;-1
204;1732512038.0;21386.0;176.0;17;-1.0;-1.0;17;180.0;-1.0;-1;-1;-1;-1;-1;-1;-1;-1
205;1732512043.0;31259.0;243.0;24;-1.0;-1.0;24;300.0;-1.0;-1;-1;-1;-1;-1;-1;-1;-1
206;1732512048.0;27289.0;771.0;20;-1.0;-1.0;20;900.0;-1.0;-1;-1;-1;-1;-1;-1;-1;-1
207;1732512053.0;27580.0;883.0;20;-1.0;-1.0;20;900.0;-1.0;-1;-1;-1;-1;-1;-1;-1;-1
208;1732512058.0;9134.0;419.0;11;-1.0;-1.0;11;420.0;-1.0;-1;-1;-1;-1;-1;-1;-1;-1
209;1732512063.0;596.0;383.0;3;-1.0;-1.0;3;420.0;-1.0;-1;-1;-1;-1;-1;-1;-1;-1
210;1732512068.0;31478.0;171.0;24;-1.0;-1.0;24;180.0;-1.0;-1;-1;-1;-1;-1;-1;-1;-1
211;1732512073.0;303.0;286.0;2;-1.0;-1.0;2;300.0;-1.0;-1;-1;-1;-1;-1;-1;-1;-1
212;1732512078.0;947.0;170.0;4;-1.0;-1.0;4;180.0;-1.0;-1;-1;-1;-1;-1;-1;-1;-1
213;1732512083.0;9242.0;300.0;11;-1.0;-1.0;11;300.0;-1.0;-1;-1;-1;-1;-1;-1;-1;-1
214;1732512088.0;3867.0;270.0;7;-1.0;-1.0;7;300.0;-1.0;-1;-1;-1;-1;-1;-1;-1;-1
215;1732512093.0;514.0;806.0;2;-1.0;-1.0;2;900.0;-1.0;-1;-1;-1;-1;-1;-1;-1;-1
216;1732512098.0;932.0;888.0;4;-1.0;-1.0;4;900.0;-1.0;-1;-1;-1;-1;-1;-1;-1;-1
217;1732512103.0;3882.0;164.0;7;-1.0;-1.0;7;180.0;-1.0;-1;-1;-1;-1;-1;-1;-1;-1
218;1732512108.0;22366.0;363.0;18;-1.0;-1.0;18;420.0;-1.0;-1;-1;-1;-1;-1;-1;-1;-1
219;1732512113.0;23526.0;60.0;19;-1.0;-1.0;19;60.0;-1.0;-1;-1;-1;-1;-1;-1;-1;-1
220;1732512118.0;2353.0;54.0;5;-1.0;-1.0;5;60.0;-1.0;-1;-1;-1;-1;-1;-1;-1;-1
221;1732512123.0;27857.0;147.0;21;-1.0;-1.0;21;180.0;-1.0;-1;-1;-1;-1;-1;-1;-1;-1
222;1732512128.0;11580.0;259.0;13;-1.0;-1.0;13;300.0;-1.0;-1;-1;-1;-1;-1;-1;-1;-1
223;1732512133.0;27976.0;282.0;20;-1.0;-1.0;20;300.0;-1.0;-1;-1;-1;-1;-1;-1;-1;-1
224;1732512138.0;5681.0;59.0;8;-1.0;-1.0;8;60.0;-1.0;-1;-1;-1;-1;-1;-1;-1;-1
225;1732512143.0;27985.0;366.0;20;-1.0;-1.0;20;420.0;-1.0;-1;-1;-1;-1;-1;-1;-1;-1
226;1732512148.0;9270.0;387.0;11;-1.0;-1.0;11;420.0;-1.0;-1;-1;-1;-1;-1;-1;-1;-1
227;1732512153.0;11815.0;386.0;13;-1.0;-1.0;13;420.0;-1.0;-1;-1;-1;-1;-1;-1;-1;-1
228;1732512158.0;9454.0;507.0;11;-1.0;-1.0;11;600.0;-1.0;-1;-1;-1;-1;-1;-1;-1;-1
229;1732512163.0;897.0;577.0;4;-1.0;-1.0;4;600.0;-1.0;-1;-1;-1;-1;-1;-1;-1;-1
230;1732512168.0;3233.0;163.0;6;-1.0;-1.0;6;180.0;-1.0;-1;-1;-1;-1;-1;-1;-1;-1
231;1732512173.0;23529.0;353.0;19;-1.0;-1.0;19;420.0;-1.0;-1;-1;-1;-1;-1;-1;-1;-1
232;1732512178.0;12713.0;163.0;12;-1.0;-1.0;12;180.0;-1.0;-1;-1;-1;-1;-1;-1;-1;-1
233;1732512183.0;31536.0;56.0;24;-1.0;-1.0;24;60.0;-1.0;-1;-1;-1;-1;-1;-1;-1;-1
234;1732512188.0;475.0;564.0;2;-1.0;-1.0;2;600.0;-1.0;-1;-1;-1;-1;-1;-1;-1;-1
235;1732512193.0;6205.0;741.0;9;-1.0;-1.0;9;900.0;-1.0;-1;-1;-1;-1;-1;-1;-1;-1
236;1732512198.0;12857.0;282.0;13;-1.0;-1.0;13;300.0;-1.0;-1;-1;-1;-1;-1;-1;-1;-1
237;1732512203.0;31573.0;252.0;24;-1.0;-1.0;24;300.0;-1.0;-1;-1;-1;-1;-1;-1;-1;-1
238;1732512208.0;30123.0;564.0;22;-1.0;-1.0;22;600.0;-1.0;-1;-1;-1;-1;-1;-1;-1;-1
239;1732512213.0;29.0;176.0;1;-1.0;-1.0;1;180.0;-1.0;-1;-1;-1;-1;-1;-1;-1;-1
240;1732512218.0;9408.0;171.0;11;-1.0;-1.0;11;180.0;-1.0;-1;-1;-1;-1;-1;-1;-1;-1
241;1732512223.0;21378.0;151.0;17;-1.0;-1.0;17;180.0;-1.0;-1;-1;-1;-1;-1;-1;-1;-1
242;1732512228.0;21525.0;55.0;17;-1.0;-1.0;17;60.0;-1.0;-1;-1;-1;-1;-1;-1;-1;-1
243;1732512233.0;8389.0;569.0;10;-1.0;-1.0;10;600.0;-1.0;-1;-1;-1;-1;-1;-1;-1;-1
244;1732512238.0;3327.0;375.0;6;-1.0;-1.0;6;420.0;-1.0;-1;-1;-1;-1;-1;-1;-1;-1
245;1732512243.0;13994.0;757.0;14;-1.0;-1.0;14;900.0;-1.0;-1;-1;-1;-1;-1;-1;-1;-1
246;1732512248.0;30648.0;53.0;22;-1.0;-1.0;22;60.0;-1.0;-1;-1;-1;-1;-1;-1;-1;-1
247;1732512253.0;30698.0;350.0;22;-1.0;-1.0;22;420.0;-1.0;-1;-1;-1;-1;-1;-1;-1;-1
248;1732512258.0;2217.0;53.0;5;-1.0;-1.0;5;60.0;-1.0;-1;-1;-1;-1;-1;-1;-1;-1
249;1732512263.0;28129.0;512.0;20;-1.0;-1.0;20;600.0;-1.0;-1;-1;-1;-1;-1;-1;-1;-1
250;1732512268.0;31761.0;879.0;22;-1.0;-1.0;22;900.0;-1.0;-1;-1;-1;-1;-1;-1;-1;-1
251;1732512273.0;3300.0;55.0;6;-1.0;-1.0;6;60.0;-1.0;-1;-1;-1;-1;-1;-1;-1;-1
252;1732512278.0;3873.0;375.0;7;-1.0;-1.0;7;420.0;-1.0;-1;-1;-1;-1;-1;-1;-1;-1
253;1732512283.0;21005.0;484.0;16;-1.0;-1.0;16;600.0;-1.0;-1;-1;-1;-1;-1;-1;-1;-1
254;1732512288.0;478.0;258.0;3;-1.0;-1.0;3;300.0;-1.0;-1;-1;-1;-1;-1;-1;-1;-1
255;1732512293.0;21273.0;270.0;16;-1.0;-1.0;16;300.0;-1.0;-1;-1;-1;-1;-1;-1;-1;-1
256;1732512298.0;2228.0;285.0;5;-1.0;-1.0;5;300.0;-1.0;-1;-1;-1;-1;-1;-1;-1;-1
257;1732512303.0;28192.0;52.0;20;-1.0;-1.0;20;60.0;-1.0;-1;-1;-1;-1;-1;-1;-1;-1
258;1732512308.0;13031.0;386.0;12;-1.0;-1.0;12;420.0;-1.0;-1;-1;-1;-1;-1;-1;-1;-1
259;1732512313.0;32596.0;408.0;23;-1.0;-1.0;23;420.0;-1.0;-1;-1;-1;-1;-1;-1;-1;-1
260;1732512318.0;3319.0;161.0;6;-1.0;-1.0;6;180.0;-1.0;-1;-1;-1;-1;-1;-1;-1;-1
261;1732512323.0;22515.0;800.0;18;-1.0;-1.0;18;900.0;-1.0;-1;-1;-1;-1;-1;-1;-1;-1
262;1732512328.0;13577.0;173.0;13;-1.0;-1.0;13;180.0;-1.0;-1;-1;-1;-1;-1;-1;-1;-1
263;1732512333.0;8344.0;344.0;10;-1.0;-1.0;10;420.0;-1.0;-1;-1;-1;-1;-1;-1;-1;-1
264;1732512338.0;31654.0;167.0;21;-1.0;-1.0;21;180.0;-1.0;-1;-1;-1;-1;-1;-1;-1;-1
265;1732512344.0;9454.0;54.0;11;-1.0;-1.0;11;60.0;-1.0;-1;-1;-1;-1;-1;-1;-1;-1
266;1732512349.0;14646.0;598.0;14;-1.0;-1.0;14;600.0;-1.0;-1;-1;-1;-1;-1;-1;-1;-1
267;1732512354.0;21456.0;575.0;17;-1.0;-1.0;17;600.0;-1.0;-1;-1;-1;-1;-1;-1;-1;-1
268;1732512359.0;32960.0;55.0;24;-1.0;-1.0;24;60.0;-1.0;-1;-1;-1;-1;-1;-1;-1;-1
269;1732512364.0;369.0;255.0;2;-1.0;-1.0;2;300.0;-1.0;-1;-1;-1;-1;-1;-1;-1;-1
270;1732512369.0;21404.0;176.0;16;-1.0;-1.0;16;180.0;-1.0;-1;-1;-1;-1;-1;-1;-1;-1
271;1732512374.0;822.0;170.0;4;-1.0;-1.0;4;180.0;-1.0;-1;-1;-1;-1;-1;-1;-1;-1
272;1732512379.0;32682.0;365.0;23;-1.0;-1.0;23;420.0;-1.0;-1;-1;-1;-1;-1;-1;-1;-1
273;1732512384.0;13695.0;157.0;13;-1.0;-1.0;13;180.0;-1.0;-1;-1;-1;-1;-1;-1;-1;-1
274;1732512389.0;14.0;296.0;1;-1.0;-1.0;1;300.0;-1.0;-1;-1;-1;-1;-1;-1;-1;-1
275;1732512394.0;13333.0;177.0;12;-1.0;-1.0;12;180.0;-1.0;-1;-1;-1;-1;-1;-1;-1;-1
276;1732512399.0;17228.0;56.0;15;-1.0;-1.0;15;60.0;-1.0;-1;-1;-1;-1;-1;-1;-1;-1
277;1732512404.0;5475.0;596.0;8;-1.0;-1.0;8;600.0;-1.0;-1;-1;-1;-1;-1;-1;-1;-1
278;1732512409.0;422.0;56.0;3;-1.0;-1.0;3;60.0;-1.0;-1;-1;-1;-1;-1;-1;-1;-1
279;1732512414.0;15180.0;556.0;12;-1.0;-1.0;12;600.0;-1.0;-1;-1;-1;-1;-1;-1;-1;-1
280;1732512419.0;9387.0;362.0;10;-1.0;-1.0;10;420.0;-1.0;-1;-1;-1;-1;-1;-1;-1;-1
281;1732512424.0;3375.0;771.0;6;-1.0;-1.0;6;900.0;-1.0;-1;-1;-1;-1;-1;-1;-1;-1
282;1732512429.0;21408.0;293.0;16;-1.0;-1.0;16;300.0;-1.0;-1;-1;-1;-1;-1;-1;-1;-1
283;1732512434.0;3792.0;165.0;7;-1.0;-1.0;7;180.0;-1.0;-1;-1;-1;-1;-1;-1;-1;-1
284;1732512439.0;31721.0;59.0;21;-1.0;-1.0;21;60.0;-1.0;-1;-1;-1;-1;-1;-1;-1;-1
285;1732512444.0;3948.0;167.0;7;-1.0;-1.0;7;180.0;-1.0;-1;-1;-1;-1;-1;-1;-1;-1
286;1732512449.0;6158.0;273.0;9;-1.0;-1.0;9;300.0;-1.0;-1;-1;-1;-1;-1;-1;-1;-1
287;1732512454.0;31766.0;839.0;21;-1.0;-1.0;21;900.0;-1.0;-1;-1;-1;-1;-1;-1;-1;-1
288;1732512459.0;21491.0;772.0;16;-1.0;-1.0;16;900.0;-1.0;-1;-1;-1;-1;-1;-1;-1;-1
289;1732512464.0;2066.0;177.0;5;-1.0;-1.0;5;180.0;-1.0;-1;-1;-1;-1;-1;-1;-1;-1
290;1732512469.0;21917.0;761.0;17;-1.0;-1.0;17;900.0;-1.0;-1;-1;-1;-1;-1;-1;-1;-1
291;1732512474.0;9380.0;56.0;10;-1.0;-1.0;10;60.0;-1.0;-1;-1;-1;-1;-1;-1;-1;-1
292;1732512479.0;32896.0;60.0;24;-1.0;-1.0;24;60.0;-1.0;-1;-1;-1;-1;-1;-1;-1;-1
293;1732512484.0;9427.0;153.0;11;-1.0;-1.0;11;180.0;-1.0;-1;-1;-1;-1;-1;-1;-1;-1
294;1732512489.0;4038.0;738.0;6;-1.0;-1.0;6;900.0;-1.0;-1;-1;-1;-1;-1;-1;-1;-1
295;1732512494.0;9571.0;349.0;10;-1.0;-1.0;10;420.0;-1.0;-1;-1;-1;-1;-1;-1;-1;-1
296;1732512499.0;2094.0;274.0;5;-1.0;-1.0;5;300.0;-1.0;-1;-1;-1;-1;-1;-1;-1;-1
297;1732512504.0;196.0;265.0;1;-1.0;-1.0;1;300.0;-1.0;-1;-1;-1;-1;-1;-1;-1;-1
298;1732512509.0;32918.0;783.0;24;-1.0;-1.0;24;900.0;-1.0;-1;-1;-1;-1;-1;-1;-1;-1
299;1732512514.0;22209.0;562.0;17;-1.0;-1.0;17;600.0;-1.0;-1;-1;-1;-1;-1;-1;-1;-1
300;1732512519.0;9601.0;856.0;10;-1.0;-1.0;10;900.0;-1.0;-1;-1;-1;-1;-1;-1;-1;-1
301;1732512524.0;24573.0;57.0;19;-1.0;-1.0;19;60.0;-1.0;-1;-1;-1;-1;-1;-1;-1;-1
302;1732512529.0;5947.0;415.0;8;-1.0;-1.0;8;420.0;-1.0;-1;-1;-1;-1;-1;-1;-1;-1
303;1732512534.0;32902.0;174.0;23;-1.0;-1.0;23;180.0;-1.0;-1;-1;-1;-1;-1;-1;-1;-1
304;1732512539.0;27978.0;179.0;20;-1.0;-1.0;20;180.0;-1.0;-1;-1;-1;-1;-1;-1;-1;-1
305;1732512544.0;4016.0;59.0;7;-1.0;-1.0;7;60.0;-1.0;-1;-1;-1;-1;-1;-1;-1;-1
306;1732512549.0;16918.0;751.0;13;-1.0;-1.0;13;900.0;-1.0;-1;-1;-1;-1;-1;-1;-1;-1
307;1732512554.0;6327.0;851.0;8;-1.0;-1.0;8;900.0;-1.0;-1;-1;-1;-1;-1;-1;-1;-1
308;1732512559.0;329.0;247.0;3;-1.0;-1.0;3;300.0;-1.0;-1;-1;-1;-1;-1;-1;-1;-1
309;1732512564.0;27984.0;766.0;20;-1.0;-1.0;20;900.0;-1.0;-1;-1;-1;-1;-1;-1;-1;-1
310;1732512569.0;6324.0;393.0;8;-1.0;-1.0;8;420.0;-1.0;-1;-1;-1;-1;-1;-1;-1;-1
311;1732512574.0;33037.0;831.0;22;-1.0;-1.0;22;900.0;-1.0;-1;-1;-1;-1;-1;-1;-1;-1
312;1732512579.0;33632.0;153.0;21;-1.0;-1.0;21;180.0;-1.0;-1;-1;-1;-1;-1;-1;-1;-1
313;1732512584.0;24571.0;274.0;19;-1.0;-1.0;19;300.0;-1.0;-1;-1;-1;-1;-1;-1;-1;-1
314;1732512589.0;17095.0;806.0;14;-1.0;-1.0;14;900.0;-1.0;-1;-1;-1;-1;-1;-1;-1;-1
315;1732512594.0;9575.0;776.0;11;-1.0;-1.0;11;900.0;-1.0;-1;-1;-1;-1;-1;-1;-1;-1
316;1732512599.0;15474.0;836.0;12;-1.0;-1.0;12;900.0;-1.0;-1;-1;-1;-1;-1;-1;-1;-1
317;1732512604.0;17664.0;148.0;14;-1.0;-1.0;14;180.0;-1.0;-1;-1;-1;-1;-1;-1;-1;-1
318;1732512609.0;34717.0;54.0;23;-1.0;-1.0;23;60.0;-1.0;-1;-1;-1;-1;-1;-1;-1;-1
319;1732512614.0;375.0;167.0;2;-1.0;-1.0;2;180.0;-1.0;-1;-1;-1;-1;-1;-1;-1;-1
320;1732512619.0;22529.0;280.0;17;-1.0;-1.0;17;300.0;-1.0;-1;-1;-1;-1;-1;-1;-1;-1
321;1732512624.0;420.0;493.0;3;-1.0;-1.0;3;600.0;-1.0;-1;-1;-1;-1;-1;-1;-1;-1
322;1732512629.0;33814.0;177.0;22;-1.0;-1.0;22;180.0;-1.0;-1;-1;-1;-1;-1;-1;-1;-1
323;1732512634.0;406.0;298.0;2;-1.0;-1.0;2;300.0;-1.0;-1;-1;-1;-1;-1;-1;-1;-1
324;1732512639.0;497.0;52.0;3;-1.0;-1.0;3;60.0;-1.0;-1;-1;-1;-1;-1;-1;-1;-1
325;1732512644.0;3976.0;838.0;7;-1.0;-1.0;7;900.0;-1.0;-1;-1;-1;-1;-1;-1;-1;-1
326;1732512649.0;37933.0;381.0;24;-1.0;-1.0;24;420.0;-1.0;-1;-1;-1;-1;-1;-1;-1;-1
327;1732512654.0;15498.0;762.0;12;-1.0;-1.0;12;900.0;-1.0;-1;-1;-1;-1;-1;-1;-1;-1
328;1732512659.0;601.0;155.0;4;-1.0;-1.0;4;180.0;-1.0;-1;-1;-1;-1;-1;-1;-1;-1
329;1732512664.0;38300.0;875.0;24;-1.0;-1.0;24;900.0;-1.0;-1;-1;-1;-1;-1;-1;-1;-1
330;1732512669.0;21463.0;341.0;16;-1.0;-1.0;16;420.0;-1.0;-1;-1;-1;-1;-1;-1;-1;-1
331;1732512674.0;16856.0;346.0;13;-1.0;-1.0;13;420.0;-1.0;-1;-1;-1;-1;-1;-1;-1;-1
332;1732512679.0;24235.0;180.0;18;-1.0;-1.0;18;180.0;-1.0;-1;-1;-1;-1;-1;-1;-1;-1
333;1732512684.0;6456.0;404.0;9;-1.0;-1.0;9;420.0;-1.0;-1;-1;-1;-1;-1;-1;-1;-1
334;1732512689.0;4376.0;816.0;7;-1.0;-1.0;7;900.0;-1.0;-1;-1;-1;-1;-1;-1;-1;-1
335;1732512694.0;17183.0;384.0;13;-1.0;-1.0;13;420.0;-1.0;-1;-1;-1;-1;-1;-1;-1;-1
336;1732512699.0;1947.0;842.0;5;-1.0;-1.0;5;900.0;-1.0;-1;-1;-1;-1;-1;-1;-1;-1
337;1732512704.0;22582.0;365.0;17;-1.0;-1.0;17;420.0;-1.0;-1;-1;-1;-1;-1;-1;-1;-1
338;1732512709.0;22720.0;373.0;16;-1.0;-1.0;16;420.0;-1.0;-1;-1;-1;-1;-1;-1;-1;-1
339;1732512714.0;34667.0;819.0;23;-1.0;-1.0;23;900.0;-1.0;-1;-1;-1;-1;-1;-1;-1;-1
340;1732512719.0;22933.0;162.0;17;-1.0;-1.0;17;180.0;-1.0;-1;-1;-1;-1;-1;-1;-1;-1
341;1732512724.0;540.0;874.0;4;-1.0;-1.0;4;900.0;-1.0;-1;-1;-1;-1;-1;-1;-1;-1
342;1732512729.0;224.0;341.0;1;-1.0;-1.0;1;420.0;-1.0;-1;-1;-1;-1;-1;-1;-1;-1
343;1732512734.0;17485.0;176.0;13;-1.0;-1.0;13;180.0;-1.0;-1;-1;-1;-1;-1;-1;-1;-1
344;1732512739.0;35463.0;52.0;23;-1.0;-1.0;23;60.0;-1.0;-1;-1;-1;-1;-1;-1;-1;-1
345;1732512744.0;4716.0;56.0;7;-1.0;-1.0;7;60.0;-1.0;-1;-1;-1;-1;-1;-1;-1;-1
346;1732512749.0;17513.0;291.0;13;-1.0;-1.0;13;300.0;-1.0;-1;-1;-1;-1;-1;-1;-1;-1
347;1732512754.0;6932.0;55.0;9;-1.0;-1.0;9;60.0;-1.0;-1;-1;-1;-1;-1;-1;-1;-1
348;1732512759.0;24671.0;291.0;19;-1.0;-1.0;19;300.0;-1.0;-1;-1;-1;-1;-1;-1;-1;-1
349;1732512764.0;6524.0;397.0;8;-1.0;-1.0;8;420.0;-1.0;-1;-1;-1;-1;-1;-1;-1;-1
350;1732512769.0;598.0;258.0;4;-1.0;-1.0;4;300.0;-1.0;-1;-1;-1;-1;-1;-1;-1;-1
351;1732512774.0;6968.0;879.0;9;-1.0;-1.0;9;900.0;-1.0;-1;-1;-1;-1;-1;-1;-1;-1
352;1732512779.0;9636.0;180.0;10;-1.0;-1.0;10;180.0;-1.0;-1;-1;-1;-1;-1;-1;-1;-1
353;1732512784.0;373.0;53.0;2;-1.0;-1.0;2;60.0;-1.0;-1;-1;-1;-1;-1;-1;-1;-1
354;1732512789.0;9809.0;161.0;9;-1.0;-1.0;9;180.0;-1.0;-1;-1;-1;-1;-1;-1;-1;-1
355;1732512795.0;16116.0;159.0;12;-1.0;-1.0;12;180.0;-1.0;-1;-1;-1;-1;-1;-1;-1;-1
356;1732512800.0;1909.0;505.0;5;-1.0;-1.0;5;600.0;-1.0;-1;-1;-1;-1;-1;-1;-1;-1
357;1732512805.0;22998.0;259.0;17;-1.0;-1.0;17;300.0;-1.0;-1;-1;-1;-1;-1;-1;-1;-1
358;1732512810.0;35445.0;834.0;23;-1.0;-1.0;23;900.0;-1.0;-1;-1;-1;-1;-1;-1;-1;-1
359;1732512815.0;5067.0;53.0;7;-1.0;-1.0;7;60.0;-1.0;-1;-1;-1;-1;-1;-1;-1;-1
360;1732512820.0;16095.0;364.0;12;-1.0;-1.0;12;420.0;-1.0;-1;-1;-1;-1;-1;-1;-1;-1
361;1732512825.0;24897.0;406.0;19;-1.0;-1.0;19;420.0;-1.0;-1;-1;-1;-1;-1;-1;-1;-1
362;1732512830.0;9930.0;60.0;10;-1.0;-1.0;10;60.0;-1.0;-1;-1;-1;-1;-1;-1;-1;-1
363;1732512835.0;27862.0;544.0;20;-1.0;-1.0;20;600.0;-1.0;-1;-1;-1;-1;-1;-1;-1;-1
364;1732512840.0;16231.0;296.0;12;-1.0;-1.0;12;300.0;-1.0;-1;-1;-1;-1;-1;-1;-1;-1
365;1732512845.0;17646.0;532.0;15;-1.0;-1.0;15;600.0;-1.0;-1;-1;-1;-1;-1;-1;-1;-1
366;1732512850.0;6884.0;755.0;8;-1.0;-1.0;8;900.0;-1.0;-1;-1;-1;-1;-1;-1;-1;-1
367;1732512855.0;28050.0;53.0;20;-1.0;-1.0;20;60.0;-1.0;-1;-1;-1;-1;-1;-1;-1;-1
368;1732512860.0;9963.0;849.0;10;-1.0;-1.0;10;900.0;-1.0;-1;-1;-1;-1;-1;-1;-1;-1
369;1732512865.0;10082.0;344.0;10;-1.0;-1.0;10;420.0;-1.0;-1;-1;-1;-1;-1;-1;-1;-1
370;1732512870.0;22945.0;351.0;17;-1.0;-1.0;17;420.0;-1.0;-1;-1;-1;-1;-1;-1;-1;-1
371;1732512875.0;5061.0;283.0;7;-1.0;-1.0;7;300.0;-1.0;-1;-1;-1;-1;-1;-1;-1;-1
372;1732512880.0;33485.0;60.0;21;-1.0;-1.0;21;60.0;-1.0;-1;-1;-1;-1;-1;-1;-1;-1
373;1732512885.0;25245.0;164.0;19;-1.0;-1.0;19;180.0;-1.0;-1;-1;-1;-1;-1;-1;-1;-1
374;1732512890.0;299.0;843.0;3;-1.0;-1.0;3;900.0;-1.0;-1;-1;-1;-1;-1;-1;-1;-1
375;1732512895.0;25401.0;816.0;19;-1.0;-1.0;19;900.0;-1.0;-1;-1;-1;-1;-1;-1;-1;-1
376;1732512900.0;33722.0;356.0;22;-1.0;-1.0;22;420.0;-1.0;-1;-1;-1;-1;-1;-1;-1;-1
377;1732512905.0;23262.0;355.0;16;-1.0;-1.0;16;420.0;-1.0;-1;-1;-1;-1;-1;-1;-1;-1
378;1732512910.0;17486.0;252.0;13;-1.0;-1.0;13;300.0;-1.0;-1;-1;-1;-1;-1;-1;-1;-1
379;1732512915.0;1897.0;397.0;5;-1.0;-1.0;5;420.0;-1.0;-1;-1;-1;-1;-1;-1;-1;-1
380;1732512920.0;718.0;368.0;4;-1.0;-1.0;4;420.0;-1.0;-1;-1;-1;-1;-1;-1;-1;-1
381;1732512925.0;286.0;835.0;2;-1.0;-1.0;2;900.0;-1.0;-1;-1;-1;-1;-1;-1;-1;-1
382;1732512930.0;10048.0;560.0;8;-1.0;-1.0;8;600.0;-1.0;-1;-1;-1;-1;-1;-1;-1;-1
383;1732512935.0;3636.0;582.0;6;-1.0;-1.0;6;600.0;-1.0;-1;-1;-1;-1;-1;-1;-1;-1
384;1732512940.0;36150.0;157.0;23;-1.0;-1.0;23;180.0;-1.0;-1;-1;-1;-1;-1;-1;-1;-1
385;1732512945.0;23578.0;389.0;17;-1.0;-1.0;17;420.0;-1.0;-1;-1;-1;-1;-1;-1;-1;-1
386;1732512950.0;3845.0;398.0;6;-1.0;-1.0;6;420.0;-1.0;-1;-1;-1;-1;-1;-1;-1;-1
387;1732512955.0;384.0;172.0;3;-1.0;-1.0;3;180.0;-1.0;-1;-1;-1;-1;-1;-1;-1;-1
388;1732512960.0;1908.0;178.0;5;-1.0;-1.0;5;180.0;-1.0;-1;-1;-1;-1;-1;-1;-1;-1
389;1732512965.0;34014.0;346.0;22;-1.0;-1.0;22;420.0;-1.0;-1;-1;-1;-1;-1;-1;-1;-1
390;1732512970.0;5250.0;893.0;7;-1.0;-1.0;7;900.0;-1.0;-1;-1;-1;-1;-1;-1;-1;-1
391;1732512975.0;26138.0;164.0;19;-1.0;-1.0;19;180.0;-1.0;-1;-1;-1;-1;-1;-1;-1;-1
392;1732512980.0;1027.0;536.0;4;-1.0;-1.0;4;600.0;-1.0;-1;-1;-1;-1;-1;-1;-1;-1
393;1732512985.0;10307.0;281.0;10;-1.0;-1.0;10;300.0;-1.0;-1;-1;-1;-1;-1;-1;-1;-1
394;1732512990.0;27969.0;60.0;20;-1.0;-1.0;20;60.0;-1.0;-1;-1;-1;-1;-1;-1;-1;-1
395;1732512995.0;18029.0;748.0;15;-1.0;-1.0;15;900.0;-1.0;-1;-1;-1;-1;-1;-1;-1;-1
396;1732513000.0;10574.0;166.0;9;-1.0;-1.0;9;180.0;-1.0;-1;-1;-1;-1;-1;-1;-1;-1
397;1732513005.0;36244.0;589.0;23;-1.0;-1.0;23;600.0;-1.0;-1;-1;-1;-1;-1;-1;-1;-1
398;1732513010.0;17407.0;592.0;13;-1.0;-1.0;13;600.0;-1.0;-1;-1;-1;-1;-1;-1;-1;-1
399;1732513015.0;1124.0;288.0;4;-1.0;-1.0;4;300.0;-1.0;-1;-1;-1;-1;-1;-1;-1;-1
400;1732513020.0;3951.0;265.0;6;-1.0;-1.0;6;300.0;-1.0;-1;-1;-1;-1;-1;-1;-1;-1
401;1732513025.0;17529.0;163.0;13;-1.0;-1.0;13;180.0;-1.0;-1;-1;-1;-1;-1;-1;-1;-1
402;1732513030.0;54.0;835.0;1;-1.0;-1.0;1;900.0;-1.0;-1;-1;-1;-1;-1;-1;-1;-1
403;1732513035.0;27986.0;389.0;16;-1.0;-1.0;16;420.0;-1.0;-1;-1;-1;-1;-1;-1;-1;-1
404;1732513040.0;4114.0;283.0;6;-1.0;-1.0;6;300.0;-1.0;-1;-1;-1;-1;-1;-1;-1;-1
405;1732513045.0;16235.0;249.0;12;-1.0;-1.0;12;300.0;-1.0;-1;-1;-1;-1;-1;-1;-1;-1
406;1732513050.0;10624.0;157.0;10;-1.0;-1.0;10;180.0;-1.0;-1;-1;-1;-1;-1;-1;-1;-1
407;1732513055.0;17595.0;242.0;13;-1.0;-1.0;13;300.0;-1.0;-1;-1;-1;-1;-1;-1;-1;-1
408;1732513060.0;38781.0;250.0;24;-1.0;-1.0;24;300.0;-1.0;-1;-1;-1;-1;-1;-1;-1;-1
409;1732513065.0;39027.0;401.0;24;-1.0;-1.0;24;420.0;-1.0;-1;-1;-1;-1;-1;-1;-1;-1
410;1732513070.0;4110.0;542.0;6;-1.0;-1.0;6;600.0;-1.0;-1;-1;-1;-1;-1;-1;-1;-1
411;1732513075.0;35515.0;356.0;22;-1.0;-1.0;22;420.0;-1.0;-1;-1;-1;-1;-1;-1;-1;-1
412;1732513080.0;16288.0;286.0;12;-1.0;-1.0;12;300.0;-1.0;-1;-1;-1;-1;-1;-1;-1;-1
413;1732513085.0;143.0;760.0;1;-1.0;-1.0;1;900.0;-1.0;-1;-1;-1;-1;-1;-1;-1;-1
414;1732513090.0;1338.0;164.0;4;-1.0;-1.0;4;180.0;-1.0;-1;-1;-1;-1;-1;-1;-1;-1
415;1732513095.0;1450.0;409.0;4;-1.0;-1.0;4;420.0;-1.0;-1;-1;-1;-1;-1;-1;-1;-1
416;1732513100.0;28216.0;500.0;19;-1.0;-1.0;19;600.0;-1.0;-1;-1;-1;-1;-1;-1;-1;-1
417;1732513105.0;18373.0;368.0;15;-1.0;-1.0;15;420.0;-1.0;-1;-1;-1;-1;-1;-1;-1;-1
418;1732513110.0;17609.0;153.0;13;-1.0;-1.0;13;180.0;-1.0;-1;-1;-1;-1;-1;-1;-1;-1
419;1732513115.0;28296.0;367.0;17;-1.0;-1.0;17;420.0;-1.0;-1;-1;-1;-1;-1;-1;-1;-1
420;1732513120.0;35827.0;353.0;22;-1.0;-1.0;22;420.0;-1.0;-1;-1;-1;-1;-1;-1;-1;-1
421;1732513125.0;28654.0;753.0;17;-1.0;-1.0;17;900.0;-1.0;-1;-1;-1;-1;-1;-1;-1;-1
422;1732513130.0;28688.0;60.0;17;-1.0;-1.0;17;60.0;-1.0;-1;-1;-1;-1;-1;-1;-1;-1
423;1732513135.0;93.0;339.0;1;-1.0;-1.0;1;420.0;-1.0;-1;-1;-1;-1;-1;-1;-1;-1
424;1732513140.0;10364.0;158.0;8;-1.0;-1.0;8;180.0;-1.0;-1;-1;-1;-1;-1;-1;-1;-1
425;1732513145.0;18628.0;280.0;15;-1.0;-1.0;15;300.0;-1.0;-1;-1;-1;-1;-1;-1;-1;-1
426;1732513150.0;28677.0;173.0;16;-1.0;-1.0;16;180.0;-1.0;-1;-1;-1;-1;-1;-1;-1;-1
427;1732513155.0;36146.0;59.0;22;-1.0;-1.0;22;60.0;-1.0;-1;-1;-1;-1;-1;-1;-1;-1
428;1732513160.0;10693.0;281.0;11;-1.0;-1.0;11;300.0;-1.0;-1;-1;-1;-1;-1;-1;-1;-1
429;1732513165.0;198.0;175.0;3;-1.0;-1.0;3;180.0;-1.0;-1;-1;-1;-1;-1;-1;-1;-1
430;1732513170.0;10965.0;834.0;11;-1.0;-1.0;11;900.0;-1.0;-1;-1;-1;-1;-1;-1;-1;-1
431;1732513175.0;29181.0;155.0;19;-1.0;-1.0;19;180.0;-1.0;-1;-1;-1;-1;-1;-1;-1;-1
432;1732513180.0;36181.0;245.0;22;-1.0;-1.0;22;300.0;-1.0;-1;-1;-1;-1;-1;-1;-1;-1
433;1732513185.0;39309.0;559.0;24;-1.0;-1.0;24;600.0;-1.0;-1;-1;-1;-1;-1;-1;-1;-1
434;1732513190.0;16465.0;411.0;12;-1.0;-1.0;12;420.0;-1.0;-1;-1;-1;-1;-1;-1;-1;-1
435;1732513196.0;17677.0;179.0;13;-1.0;-1.0;13;180.0;-1.0;-1;-1;-1;-1;-1;-1;-1;-1
436;1732513201.0;36638.0;742.0;23;-1.0;-1.0;23;900.0;-1.0;-1;-1;-1;-1;-1;-1;-1;-1
437;1732513206.0;33220.0;512.0;21;-1.0;-1.0;21;600.0;-1.0;-1;-1;-1;-1;-1;-1;-1;-1
438;1732513211.0;5903.0;596.0;7;-1.0;-1.0;7;600.0;-1.0;-1;-1;-1;-1;-1;-1;-1;-1
439;1732513216.0;10380.0;256.0;9;-1.0;-1.0;9;300.0;-1.0;-1;-1;-1;-1;-1;-1;-1;-1
440;1732513221.0;36387.0;405.0;22;-1.0;-1.0;22;420.0;-1.0;-1;-1;-1;-1;-1;-1;-1;-1
441;1732513226.0;28654.0;52.0;17;-1.0;-1.0;17;60.0;-1.0;-1;-1;-1;-1;-1;-1;-1;-1
442;1732513231.0;36783.0;60.0;22;-1.0;-1.0;22;60.0;-1.0;-1;-1;-1;-1;-1;-1;-1;-1
443;1732513236.0;178.0;245.0;2;-1.0;-1.0;2;300.0;-1.0;-1;-1;-1;-1;-1;-1;-1;-1
444;1732513241.0;36834.0;150.0;22;-1.0;-1.0;22;180.0;-1.0;-1;-1;-1;-1;-1;-1;-1;-1
445;1732513246.0;28687.0;257.0;17;-1.0;-1.0;17;300.0;-1.0;-1;-1;-1;-1;-1;-1;-1;-1
446;1732513251.0;39803.0;513.0;23;-1.0;-1.0;23;600.0;-1.0;-1;-1;-1;-1;-1;-1;-1;-1
447;1732513256.0;18591.0;863.0;15;-1.0;-1.0;15;900.0;-1.0;-1;-1;-1;-1;-1;-1;-1;-1
448;1732513261.0;28740.0;53.0;16;-1.0;-1.0;16;60.0;-1.0;-1;-1;-1;-1;-1;-1;-1;-1
449;1732513266.0;246.0;896.0;3;-1.0;-1.0;3;900.0;-1.0;-1;-1;-1;-1;-1;-1;-1;-1
450;1732513271.0;18784.0;176.0;15;-1.0;-1.0;15;180.0;-1.0;-1;-1;-1;-1;-1;-1;-1;-1
451;1732513276.0;1771.0;352.0;5;-1.0;-1.0;5;420.0;-1.0;-1;-1;-1;-1;-1;-1;-1;-1
452;1732513281.0;33659.0;529.0;21;-1.0;-1.0;21;600.0;-1.0;-1;-1;-1;-1;-1;-1;-1;-1
453;1732513286.0;10909.0;355.0;11;-1.0;-1.0;11;420.0;-1.0;-1;-1;-1;-1;-1;-1;-1;-1
454;1732513291.0;18941.0;576.0;15;-1.0;-1.0;15;600.0;-1.0;-1;-1;-1;-1;-1;-1;-1;-1
455;1732513296.0;29217.0;56.0;19;-1.0;-1.0;19;60.0;-1.0;-1;-1;-1;-1;-1;-1;-1;-1
456;1732513301.0;237.0;780.0;2;-1.0;-1.0;2;900.0;-1.0;-1;-1;-1;-1;-1;-1;-1;-1
457;1732513306.0;1905.0;761.0;5;-1.0;-1.0;5;900.0;-1.0;-1;-1;-1;-1;-1;-1;-1;-1
458;1732513311.0;10353.0;530.0;9;-1.0;-1.0;9;600.0;-1.0;-1;-1;-1;-1;-1;-1;-1;-1
459;1732513316.0;3879.0;59.0;6;-1.0;-1.0;6;60.0;-1.0;-1;-1;-1;-1;-1;-1;-1;-1
460;1732513321.0;16746.0;173.0;12;-1.0;-1.0;12;180.0;-1.0;-1;-1;-1;-1;-1;-1;-1;-1
461;1732513326.0;34144.0;300.0;21;-1.0;-1.0;21;300.0;-1.0;-1;-1;-1;-1;-1;-1;-1;-1
462;1732513331.0;10208.0;56.0;8;-1.0;-1.0;8;60.0;-1.0;-1;-1;-1;-1;-1;-1;-1;-1
463;1732513336.0;19376.0;574.0;15;-1.0;-1.0;15;600.0;-1.0;-1;-1;-1;-1;-1;-1;-1;-1
464;1732513341.0;34430.0;293.0;21;-1.0;-1.0;21;300.0;-1.0;-1;-1;-1;-1;-1;-1;-1;-1
465;1732513346.0;34719.0;523.0;21;-1.0;-1.0;21;600.0;-1.0;-1;-1;-1;-1;-1;-1;-1;-1
466;1732513351.0;6361.0;550.0;7;-1.0;-1.0;7;600.0;-1.0;-1;-1;-1;-1;-1;-1;-1;-1
467;1732513356.0;28835.0;164.0;18;-1.0;-1.0;18;180.0;-1.0;-1;-1;-1;-1;-1;-1;-1;-1
468;1732513361.0;17701.0;148.0;14;-1.0;-1.0;14;180.0;-1.0;-1;-1;-1;-1;-1;-1;-1;-1
469;1732513366.0;17528.0;180.0;13;-1.0;-1.0;13;180.0;-1.0;-1;-1;-1;-1;-1;-1;-1;-1
470;1732513371.0;36855.0;60.0;21;-1.0;-1.0;21;60.0;-1.0;-1;-1;-1;-1;-1;-1;-1;-1
471;1732513376.0;40193.0;272.0;24;-1.0;-1.0;24;300.0;-1.0;-1;-1;-1;-1;-1;-1;-1;-1
472;1732513381.0;10360.0;59.0;9;-1.0;-1.0;9;60.0;-1.0;-1;-1;-1;-1;-1;-1;-1;-1
473;1732513386.0;19423.0;166.0;15;-1.0;-1.0;15;180.0;-1.0;-1;-1;-1;-1;-1;-1;-1;-1
474;1732513391.0;29179.0;389.0;18;-1.0;-1.0;18;420.0;-1.0;-1;-1;-1;-1;-1;-1;-1;-1
475;1732513396.0;11155.0;55.0;11;-1.0;-1.0;11;60.0;-1.0;-1;-1;-1;-1;-1;-1;-1;-1
476;1732513401.0;29207.0;394.0;18;-1.0;-1.0;18;420.0;-1.0;-1;-1;-1;-1;-1;-1;-1;-1
477;1732513406.0;29597.0;171.0;19;-1.0;-1.0;19;180.0;-1.0;-1;-1;-1;-1;-1;-1;-1;-1
478;1732513411.0;3844.0;843.0;6;-1.0;-1.0;6;900.0;-1.0;-1;-1;-1;-1;-1;-1;-1;-1
479;1732513416.0;123.0;292.0;3;-1.0;-1.0;3;300.0;-1.0;-1;-1;-1;-1;-1;-1;-1;-1
480;1732513421.0;40421.0;150.0;24;-1.0;-1.0;24;180.0;-1.0;-1;-1;-1;-1;-1;-1;-1;-1
481;1732513426.0;16815.0;170.0;12;-1.0;-1.0;12;180.0;-1.0;-1;-1;-1;-1;-1;-1;-1;-1
482;1732513431.0;10370.0;52.0;9;-1.0;-1.0;9;60.0;-1.0;-1;-1;-1;-1;-1;-1;-1;-1
483;1732513436.0;28620.0;550.0;17;-1.0;-1.0;17;600.0;-1.0;-1;-1;-1;-1;-1;-1;-1;-1
484;1732513441.0;3825.0;253.0;6;-1.0;-1.0;6;300.0;-1.0;-1;-1;-1;-1;-1;-1;-1;-1
485;1732513446.0;40547.0;255.0;23;-1.0;-1.0;23;300.0;-1.0;-1;-1;-1;-1;-1;-1;-1;-1
486;1732513451.0;36838.0;390.0;21;-1.0;-1.0;21;420.0;-1.0;-1;-1;-1;-1;-1;-1;-1;-1
487;1732513456.0;3983.0;180.0;6;-1.0;-1.0;6;180.0;-1.0;-1;-1;-1;-1;-1;-1;-1;-1
488;1732513461.0;37219.0;300.0;21;-1.0;-1.0;21;300.0;-1.0;-1;-1;-1;-1;-1;-1;-1;-1
489;1732513466.0;72.0;243.0;1;-1.0;-1.0;1;300.0;-1.0;-1;-1;-1;-1;-1;-1;-1;-1
490;1732513471.0;189.0;590.0;2;-1.0;-1.0;2;600.0;-1.0;-1;-1;-1;-1;-1;-1;-1;-1
491;1732513476.0;11131.0;283.0;11;-1.0;-1.0;11;300.0;-1.0;-1;-1;-1;-1;-1;-1;-1;-1
492;1732513481.0;351.0;292.0;2;-1.0;-1.0;2;300.0;-1.0;-1;-1;-1;-1;-1;-1;-1;-1
493;1732513486.0;40763.0;807.0;22;-1.0;-1.0;22;900.0;-1.0;-1;-1;-1;-1;-1;-1;-1;-1
494;1732513491.0;542.0;587.0;3;-1.0;-1.0;3;600.0;-1.0;-1;-1;-1;-1;-1;-1;-1;-1
495;1732513496.0;45278.0;534.0;24;-1.0;-1.0;24;600.0;-1.0;-1;-1;-1;-1;-1;-1;-1;-1
496;1732513501.0;19475.0;589.0;15;-1.0;-1.0;15;600.0;-1.0;-1;-1;-1;-1;-1;-1;-1;-1
497;1732513506.0;37475.0;420.0;21;-1.0;-1.0;21;420.0;-1.0;-1;-1;-1;-1;-1;-1;-1;-1
498;1732513511.0;10321.0;279.0;8;-1.0;-1.0;8;300.0;-1.0;-1;-1;-1;-1;-1;-1;-1;-1
499;1732513516.0;29017.0;845.0;17;-1.0;-1.0;17;900.0;-1.0;-1;-1;-1;-1;-1;-1;-1;-1
500;1732513521.0;42024.0;539.0;23;-1.0;-1.0;23;600.0;-1.0;-1;-1;-1;-1;-1;-1;-1;-1
501;1732513526.0;17686.0;56.0;14;-1.0;-1.0;14;60.0;-1.0;-1;-1;-1;-1;-1;-1;-1;-1
502;1732513531.0;10323.0;348.0;8;-1.0;-1.0;8;420.0;-1.0;-1;-1;-1;-1;-1;-1;-1;-1
503;1732513536.0;11398.0;488.0;9;-1.0;-1.0;9;600.0;-1.0;-1;-1;-1;-1;-1;-1;-1;-1
504;1732513541.0;1674.0;860.0;5;-1.0;-1.0;5;900.0;-1.0;-1;-1;-1;-1;-1;-1;-1;-1
505;1732513546.0;16867.0;382.0;12;-1.0;-1.0;12;420.0;-1.0;-1;-1;-1;-1;-1;-1;-1;-1
506;1732513551.0;29409.0;760.0;17;-1.0;-1.0;17;900.0;-1.0;-1;-1;-1;-1;-1;-1;-1;-1
507;1732513556.0;29619.0;56.0;18;-1.0;-1.0;18;60.0;-1.0;-1;-1;-1;-1;-1;-1;-1;-1
508;1732513561.0;6703.0;531.0;7;-1.0;-1.0;7;600.0;-1.0;-1;-1;-1;-1;-1;-1;-1;-1
509;1732513566.0;17231.0;580.0;12;-1.0;-1.0;12;600.0;-1.0;-1;-1;-1;-1;-1;-1;-1;-1
510;1732513571.0;11399.0;268.0;10;-1.0;-1.0;10;300.0;-1.0;-1;-1;-1;-1;-1;-1;-1;-1
511;1732513576.0;30245.0;169.0;20;-1.0;-1.0;20;180.0;-1.0;-1;-1;-1;-1;-1;-1;-1;-1
512;1732513581.0;26591.0;799.0;15;-1.0;-1.0;15;900.0;-1.0;-1;-1;-1;-1;-1;-1;-1;-1
513;1732513586.0;29646.0;588.0;17;-1.0;-1.0;17;600.0;-1.0;-1;-1;-1;-1;-1;-1;-1;-1
514;1732513592.0;10520.0;821.0;8;-1.0;-1.0;8;900.0;-1.0;-1;-1;-1;-1;-1;-1;-1;-1
515;1732513597.0;45712.0;52.0;24;-1.0;-1.0;24;60.0;-1.0;-1;-1;-1;-1;-1;-1;-1;-1
516;1732513602.0;29777.0;512.0;16;-1.0;-1.0;16;600.0;-1.0;-1;-1;-1;-1;-1;-1;-1;-1
517;1732513607.0;11632.0;519.0;9;-1.0;-1.0;9;600.0;-1.0;-1;-1;-1;-1;-1;-1;-1;-1
518;1732513612.0;27361.0;513.0;15;-1.0;-1.0;15;600.0;-1.0;-1;-1;-1;-1;-1;-1;-1;-1
519;1732513617.0;7179.0;580.0;7;-1.0;-1.0;7;600.0;-1.0;-1;-1;-1;-1;-1;-1;-1;-1
520;1732513622.0;41436.0;486.0;22;-1.0;-1.0;22;600.0;-1.0;-1;-1;-1;-1;-1;-1;-1;-1
521;1732513627.0;37775.0;52.0;21;-1.0;-1.0;21;60.0;-1.0;-1;-1;-1;-1;-1;-1;-1;-1
522;1732513632.0;1857.0;168.0;5;-1.0;-1.0;5;180.0;-1.0;-1;-1;-1;-1;-1;-1;-1;-1
523;1732513637.0;45725.0;55.0;24;-1.0;-1.0;24;60.0;-1.0;-1;-1;-1;-1;-1;-1;-1;-1
524;1732513642.0;17368.0;51.0;13;-1.0;-1.0;13;60.0;-1.0;-1;-1;-1;-1;-1;-1;-1;-1
525;1732513647.0;42438.0;152.0;22;-1.0;-1.0;22;180.0;-1.0;-1;-1;-1;-1;-1;-1;-1;-1
526;1732513652.0;37803.0;341.0;21;-1.0;-1.0;21;420.0;-1.0;-1;-1;-1;-1;-1;-1;-1;-1
527;1732513657.0;77.0;164.0;1;-1.0;-1.0;1;180.0;-1.0;-1;-1;-1;-1;-1;-1;-1;-1
528;1732513662.0;27825.0;60.0;15;-1.0;-1.0;15;60.0;-1.0;-1;-1;-1;-1;-1;-1;-1;-1
529;1732513667.0;17602.0;152.0;14;-1.0;-1.0;14;180.0;-1.0;-1;-1;-1;-1;-1;-1;-1;-1
530;1732513672.0;45746.0;384.0;24;-1.0;-1.0;24;420.0;-1.0;-1;-1;-1;-1;-1;-1;-1;-1
531;1732513677.0;38121.0;51.0;20;-1.0;-1.0;20;60.0;-1.0;-1;-1;-1;-1;-1;-1;-1;-1
532;1732513682.0;11569.0;417.0;9;-1.0;-1.0;9;420.0;-1.0;-1;-1;-1;-1;-1;-1;-1;-1
533;1732513687.0;27862.0;277.0;15;-1.0;-1.0;15;300.0;-1.0;-1;-1;-1;-1;-1;-1;-1;-1
534;1732513692.0;17730.0;55.0;14;-1.0;-1.0;14;60.0;-1.0;-1;-1;-1;-1;-1;-1;-1;-1
535;1732513697.0;30024.0;401.0;15;-1.0;-1.0;15;420.0;-1.0;-1;-1;-1;-1;-1;-1;-1;-1
536;1732513702.0;38148.0;50.0;18;-1.0;-1.0;18;60.0;-1.0;-1;-1;-1;-1;-1;-1;-1;-1
537;1732513707.0;46097.0;168.0;24;-1.0;-1.0;24;180.0;-1.0;-1;-1;-1;-1;-1;-1;-1;-1
538;1732513712.0;24261.0;583.0;14;-1.0;-1.0;14;600.0;-1.0;-1;-1;-1;-1;-1;-1;-1;-1
539;1732513717.0;38954.0;162.0;19;-1.0;-1.0;19;180.0;-1.0;-1;-1;-1;-1;-1;-1;-1;-1
540;1732513722.0;39080.0;172.0;19;-1.0;-1.0;19;180.0;-1.0;-1;-1;-1;-1;-1;-1;-1;-1
541;1732513727.0;56.0;172.0;1;-1.0;-1.0;1;180.0;-1.0;-1;-1;-1;-1;-1;-1;-1;-1
542;1732513732.0;42506.0;390.0;23;-1.0;-1.0;23;420.0;-1.0;-1;-1;-1;-1;-1;-1;-1;-1
543;1732513737.0;17316.0;245.0;12;-1.0;-1.0;12;300.0;-1.0;-1;-1;-1;-1;-1;-1;-1;-1
544;1732513742.0;39092.0;817.0;19;-1.0;-1.0;19;900.0;-1.0;-1;-1;-1;-1;-1;-1;-1;-1
545;1732513747.0;662.0;60.0;3;-1.0;-1.0;3;60.0;-1.0;-1;-1;-1;-1;-1;-1;-1;-1
546;1732513752.0;80.0;583.0;1;-1.0;-1.0;1;600.0;-1.0;-1;-1;-1;-1;-1;-1;-1;-1
547;1732513757.0;39219.0;243.0;19;-1.0;-1.0;19;300.0;-1.0;-1;-1;-1;-1;-1;-1;-1;-1
548;1732513762.0;1194.0;571.0;4;-1.0;-1.0;4;600.0;-1.0;-1;-1;-1;-1;-1;-1;-1;-1
549;1732513767.0;46206.0;161.0;24;-1.0;-1.0;24;180.0;-1.0;-1;-1;-1;-1;-1;-1;-1;-1
550;1732513772.0;11651.0;339.0;9;-1.0;-1.0;9;420.0;-1.0;-1;-1;-1;-1;-1;-1;-1;-1
551;1732513777.0;10426.0;255.0;8;-1.0;-1.0;8;300.0;-1.0;-1;-1;-1;-1;-1;-1;-1;-1
552;1732513782.0;1876.0;419.0;5;-1.0;-1.0;5;420.0;-1.0;-1;-1;-1;-1;-1;-1;-1;-1
553;1732513787.0;30336.0;275.0;17;-1.0;-1.0;17;300.0;-1.0;-1;-1;-1;-1;-1;-1;-1;-1
554;1732513792.0;30101.0;590.0;15;-1.0;-1.0;15;600.0;-1.0;-1;-1;-1;-1;-1;-1;-1;-1
555;1732513797.0;37.0;731.0;1;-1.0;-1.0;1;900.0;-1.0;-1;-1;-1;-1;-1;-1;-1;-1
556;1732513802.0;12829.0;581.0;10;-1.0;-1.0;10;600.0;-1.0;-1;-1;-1;-1;-1;-1;-1;-1
557;1732513807.0;17269.0;60.0;13;-1.0;-1.0;13;60.0;-1.0;-1;-1;-1;-1;-1;-1;-1;-1
558;1732513812.0;30588.0;242.0;16;-1.0;-1.0;16;300.0;-1.0;-1;-1;-1;-1;-1;-1;-1;-1
559;1732513817.0;11852.0;795.0;9;-1.0;-1.0;9;900.0;-1.0;-1;-1;-1;-1;-1;-1;-1;-1
560;1732513822.0;3698.0;51.0;6;-1.0;-1.0;6;60.0;-1.0;-1;-1;-1;-1;-1;-1;-1;-1
561;1732513827.0;30657.0;786.0;15;-1.0;-1.0;15;900.0;-1.0;-1;-1;-1;-1;-1;-1;-1;-1
562;1732513832.0;39389.0;365.0;19;-1.0;-1.0;19;420.0;-1.0;-1;-1;-1;-1;-1;-1;-1;-1
563;1732513837.0;30806.0;174.0;16;-1.0;-1.0;16;180.0;-1.0;-1;-1;-1;-1;-1;-1;-1;-1
564;1732513842.0;24715.0;799.0;14;-1.0;-1.0;14;900.0;-1.0;-1;-1;-1;-1;-1;-1;-1;-1
565;1732513847.0;17291.0;725.0;12;-1.0;-1.0;12;900.0;-1.0;-1;-1;-1;-1;-1;-1;-1;-1
566;1732513852.0;3720.0;147.0;6;-1.0;-1.0;6;180.0;-1.0;-1;-1;-1;-1;-1;-1;-1;-1
567;1732513857.0;7520.0;582.0;7;-1.0;-1.0;7;600.0;-1.0;-1;-1;-1;-1;-1;-1;-1;-1
568;1732513862.0;127.0;419.0;2;-1.0;-1.0;2;420.0;-1.0;-1;-1;-1;-1;-1;-1;-1;-1
569;1732513867.0;180.0;270.0;2;-1.0;-1.0;2;300.0;-1.0;-1;-1;-1;-1;-1;-1;-1;-1
570;1732513872.0;39715.0;749.0;19;-1.0;-1.0;19;900.0;-1.0;-1;-1;-1;-1;-1;-1;-1;-1
571;1732513877.0;30941.0;172.0;15;-1.0;-1.0;15;180.0;-1.0;-1;-1;-1;-1;-1;-1;-1;-1
572;1732513882.0;40288.0;180.0;20;-1.0;-1.0;20;180.0;-1.0;-1;-1;-1;-1;-1;-1;-1;-1
573;1732513887.0;10573.0;269.0;8;-1.0;-1.0;8;300.0;-1.0;-1;-1;-1;-1;-1;-1;-1;-1
574;1732513892.0;10839.0;519.0;8;-1.0;-1.0;8;600.0;-1.0;-1;-1;-1;-1;-1;-1;-1;-1
575;1732513897.0;37955.0;818.0;18;-1.0;-1.0;18;900.0;-1.0;-1;-1;-1;-1;-1;-1;-1;-1
576;1732513902.0;1581.0;560.0;4;-1.0;-1.0;4;600.0;-1.0;-1;-1;-1;-1;-1;-1;-1;-1
577;1732513907.0;1621.0;286.0;4;-1.0;-1.0;4;300.0;-1.0;-1;-1;-1;-1;-1;-1;-1;-1
578;1732513912.0;2061.0;367.0;5;-1.0;-1.0;5;420.0;-1.0;-1;-1;-1;-1;-1;-1;-1;-1
579;1732513917.0;40420.0;385.0;20;-1.0;-1.0;20;420.0;-1.0;-1;-1;-1;-1;-1;-1;-1;-1
580;1732513922.0;0.0;755.0;1;-1.0;-1.0;1;900.0;-1.0;-1;-1;-1;-1;-1;-1;-1;-1
581;1732513927.0;545.0;561.0;3;-1.0;-1.0;3;600.0;-1.0;-1;-1;-1;-1;-1;-1;-1;-1
582;1732513932.0;42697.0;537.0;23;-1.0;-1.0;23;600.0;-1.0;-1;-1;-1;-1;-1;-1;-1;-1
583;1732513937.0;11823.0;870.0;9;-1.0;-1.0;9;900.0;-1.0;-1;-1;-1;-1;-1;-1;-1;-1
584;1732513942.0;153.0;554.0;2;-1.0;-1.0;2;600.0;-1.0;-1;-1;-1;-1;-1;-1;-1;-1
585;1732513947.0;39705.0;262.0;19;-1.0;-1.0;19;300.0;-1.0;-1;-1;-1;-1;-1;-1;-1;-1
586;1732513952.0;1863.0;394.0;4;-1.0;-1.0;4;420.0;-1.0;-1;-1;-1;-1;-1;-1;-1;-1
587;1732513957.0;32343.0;291.0;17;-1.0;-1.0;17;300.0;-1.0;-1;-1;-1;-1;-1;-1;-1;-1
588;1732513962.0;37939.0;900.0;18;-1.0;-1.0;18;900.0;-1.0;-1;-1;-1;-1;-1;-1;-1;-1
589;1732513967.0;25390.0;488.0;13;-1.0;-1.0;13;600.0;-1.0;-1;-1;-1;-1;-1;-1;-1;-1
590;1732513972.0;32621.0;534.0;17;-1.0;-1.0;17;600.0;-1.0;-1;-1;-1;-1;-1;-1;-1;-1
591;1732513977.0;13236.0;284.0;10;-1.0;-1.0;10;300.0;-1.0;-1;-1;-1;-1;-1;-1;-1;-1
592;1732513982.0;14595.0;406.0;11;-1.0;-1.0;11;420.0;-1.0;-1;-1;-1;-1;-1;-1;-1;-1
593;1732513988.0;11775.0;747.0;8;-1.0;-1.0;8;900.0;-1.0;-1;-1;-1;-1;-1;-1;-1;-1
594;1732513993.0;33135.0;249.0;17;-1.0;-1.0;17;300.0;-1.0;-1;-1;-1;-1;-1;-1;-1;-1
595;1732513998.0;25998.0;175.0;14;-1.0;-1.0;14;180.0;-1.0;-1;-1;-1;-1;-1;-1;-1;-1
596;1732514003.0;17296.0;259.0;12;-1.0;-1.0;12;300.0;-1.0;-1;-1;-1;-1;-1;-1;-1;-1
597;1732514008.0;117.0;759.0;2;-1.0;-1.0;2;900.0;-1.0;-1;-1;-1;-1;-1;-1;-1;-1
598;1732514013.0;2031.0;57.0;5;-1.0;-1.0;5;60.0;-1.0;-1;-1;-1;-1;-1;-1;-1;-1
599;1732514018.0;25828.0;149.0;13;-1.0;-1.0;13;180.0;-1.0;-1;-1;-1;-1;-1;-1;-1;-1
600;1732514023.0;30968.0;346.0;14;-1.0;-1.0;14;420.0;-1.0;-1;-1;-1;-1;-1;-1;-1;-1
601;1732514028.0;40324.0;517.0;20;-1.0;-1.0;20;600.0;-1.0;-1;-1;-1;-1;-1;-1;-1;-1
602;1732514033.0;468.0;572.0;3;-1.0;-1.0;3;600.0;-1.0;-1;-1;-1;-1;-1;-1;-1;-1
603;1732514038.0;31233.0;60.0;14;-1.0;-1.0;14;60.0;-1.0;-1;-1;-1;-1;-1;-1;-1;-1
604;1732514043.0;12422.0;560.0;9;-1.0;-1.0;9;600.0;-1.0;-1;-1;-1;-1;-1;-1;-1;-1
605;1732514048.0;7912.0;511.0;7;-1.0;-1.0;7;600.0;-1.0;-1;-1;-1;-1;-1;-1;-1;-1
606;1732514053.0;198.0;404.0;2;-1.0;-1.0;2;420.0;-1.0;-1;-1;-1;-1;-1;-1;-1;-1
607;1732514058.0;17320.0;58.0;12;-1.0;-1.0;12;60.0;-1.0;-1;-1;-1;-1;-1;-1;-1;-1
608;1732514063.0;33315.0;281.0;17;-1.0;-1.0;17;300.0;-1.0;-1;-1;-1;-1;-1;-1;-1;-1
609;1732514068.0;8404.0;396.0;7;-1.0;-1.0;7;420.0;-1.0;-1;-1;-1;-1;-1;-1;-1;-1
610;1732514073.0;31259.0;392.0;14;-1.0;-1.0;14;420.0;-1.0;-1;-1;-1;-1;-1;-1;-1;-1
611;1732514078.0;8791.0;55.0;7;-1.0;-1.0;7;60.0;-1.0;-1;-1;-1;-1;-1;-1;-1;-1
612;1732514083.0;31536.0;249.0;15;-1.0;-1.0;15;300.0;-1.0;-1;-1;-1;-1;-1;-1;-1;-1
613;1732514088.0;231.0;900.0;2;-1.0;-1.0;2;900.0;-1.0;-1;-1;-1;-1;-1;-1;-1;-1
614;1732514093.0;33567.0;563.0;17;-1.0;-1.0;17;600.0;-1.0;-1;-1;-1;-1;-1;-1;-1;-1
615;1732514098.0;31240.0;279.0;13;-1.0;-1.0;13;300.0;-1.0;-1;-1;-1;-1;-1;-1;-1;-1
616;1732514103.0;41936.0;246.0;21;-1.0;-1.0;21;300.0;-1.0;-1;-1;-1;-1;-1;-1;-1;-1
617;1732514108.0;1968.0;776.0;5;-1.0;-1.0;5;900.0;-1.0;-1;-1;-1;-1;-1;-1;-1;-1
618;1732514113.0;43055.0;871.0;22;-1.0;-1.0;22;900.0;-1.0;-1;-1;-1;-1;-1;-1;-1;-1
619;1732514118.0;3504.0;163.0;6;-1.0;-1.0;6;180.0;-1.0;-1;-1;-1;-1;-1;-1;-1;-1
620;1732514123.0;40600.0;488.0;20;-1.0;-1.0;20;600.0;-1.0;-1;-1;-1;-1;-1;-1;-1;-1
621;1732514128.0;3595.0;397.0;6;-1.0;-1.0;6;420.0;-1.0;-1;-1;-1;-1;-1;-1;-1;-1
622;1732514133.0;39782.0;253.0;18;-1.0;-1.0;18;300.0;-1.0;-1;-1;-1;-1;-1;-1;-1;-1
623;1732514138.0;34086.0;568.0;17;-1.0;-1.0;17;600.0;-1.0;-1;-1;-1;-1;-1;-1;-1;-1
624;1732514143.0;43897.0;51.0;22;-1.0;-1.0;22;60.0;-1.0;-1;-1;-1;-1;-1;-1;-1;-1
625;1732514148.0;31577.0;574.0;14;-1.0;-1.0;14;600.0;-1.0;-1;-1;-1;-1;-1;-1;-1;-1
626;1732514153.0;1926.0;380.0;5;-1.0;-1.0;5;420.0;-1.0;-1;-1;-1;-1;-1;-1;-1;-1
627;1732514158.0;8767.0;577.0;7;-1.0;-1.0;7;600.0;-1.0;-1;-1;-1;-1;-1;-1;-1;-1
628;1732514163.0;43929.0;169.0;22;-1.0;-1.0;22;180.0;-1.0;-1;-1;-1;-1;-1;-1;-1;-1
629;1732514168.0;34626.0;783.0;16;-1.0;-1.0;16;900.0;-1.0;-1;-1;-1;-1;-1;-1;-1;-1
630;1732514173.0;52.0;164.0;1;-1.0;-1.0;1;180.0;-1.0;-1;-1;-1;-1;-1;-1;-1;-1
631;1732514178.0;443.0;159.0;3;-1.0;-1.0;3;180.0;-1.0;-1;-1;-1;-1;-1;-1;-1;-1
632;1732514183.0;12843.0;792.0;9;-1.0;-1.0;9;900.0;-1.0;-1;-1;-1;-1;-1;-1;-1;-1
633;1732514188.0;12323.0;51.0;8;-1.0;-1.0;8;60.0;-1.0;-1;-1;-1;-1;-1;-1;-1;-1
634;1732514193.0;13305.0;486.0;10;-1.0;-1.0;10;600.0;-1.0;-1;-1;-1;-1;-1;-1;-1;-1
635;1732514198.0;121.0;180.0;2;-1.0;-1.0;2;180.0;-1.0;-1;-1;-1;-1;-1;-1;-1;-1
636;1732514203.0;3583.0;157.0;6;-1.0;-1.0;6;180.0;-1.0;-1;-1;-1;-1;-1;-1;-1;-1
637;1732514208.0;45927.0;560.0;24;-1.0;-1.0;24;600.0;-1.0;-1;-1;-1;-1;-1;-1;-1;-1
638;1732514213.0;177.0;163.0;1;-1.0;-1.0;1;180.0;-1.0;-1;-1;-1;-1;-1;-1;-1;-1
639;1732514218.0;1884.0;175.0;4;-1.0;-1.0;4;180.0;-1.0;-1;-1;-1;-1;-1;-1;-1;-1
640;1732514223.0;42063.0;283.0;21;-1.0;-1.0;21;300.0;-1.0;-1;-1;-1;-1;-1;-1;-1;-1
641;1732514228.0;31642.0;289.0;15;-1.0;-1.0;15;300.0;-1.0;-1;-1;-1;-1;-1;-1;-1;-1
642;1732514233.0;31927.0;778.0;15;-1.0;-1.0;15;900.0;-1.0;-1;-1;-1;-1;-1;-1;-1;-1
643;1732514238.0;40632.0;274.0;20;-1.0;-1.0;20;300.0;-1.0;-1;-1;-1;-1;-1;-1;-1;-1
644;1732514243.0;155.0;545.0;1;-1.0;-1.0;1;600.0;-1.0;-1;-1;-1;-1;-1;-1;-1;-1
645;1732514248.0;12316.0;57.0;7;-1.0;-1.0;7;60.0;-1.0;-1;-1;-1;-1;-1;-1;-1;-1
646;1732514253.0;145.0;596.0;1;-1.0;-1.0;1;600.0;-1.0;-1;-1;-1;-1;-1;-1;-1;-1
647;1732514258.0;2203.0;262.0;5;-1.0;-1.0;5;300.0;-1.0;-1;-1;-1;-1;-1;-1;-1;-1
648;1732514263.0;32676.0;157.0;15;-1.0;-1.0;15;180.0;-1.0;-1;-1;-1;-1;-1;-1;-1;-1
649;1732514268.0;32829.0;59.0;15;-1.0;-1.0;15;60.0;-1.0;-1;-1;-1;-1;-1;-1;-1;-1
650;1732514273.0;14712.0;265.0;11;-1.0;-1.0;11;300.0;-1.0;-1;-1;-1;-1;-1;-1;-1;-1
651;1732514278.0;131.0;740.0;2;-1.0;-1.0;2;900.0;-1.0;-1;-1;-1;-1;-1;-1;-1;-1
652;1732514283.0;43979.0;510.0;23;-1.0;-1.0;23;600.0;-1.0;-1;-1;-1;-1;-1;-1;-1;-1
653;1732514288.0;40857.0;538.0;20;-1.0;-1.0;20;600.0;-1.0;-1;-1;-1;-1;-1;-1;-1;-1
654;1732514293.0;2250.0;250.0;5;-1.0;-1.0;5;300.0;-1.0;-1;-1;-1;-1;-1;-1;-1;-1
655;1732514298.0;13521.0;252.0;10;-1.0;-1.0;10;300.0;-1.0;-1;-1;-1;-1;-1;-1;-1;-1
656;1732514303.0;35276.0;280.0;17;-1.0;-1.0;17;300.0;-1.0;-1;-1;-1;-1;-1;-1;-1;-1
657;1732514308.0;45272.0;830.0;23;-1.0;-1.0;23;900.0;-1.0;-1;-1;-1;-1;-1;-1;-1;-1
658;1732514313.0;35547.0;245.0;16;-1.0;-1.0;16;300.0;-1.0;-1;-1;-1;-1;-1;-1;-1;-1
659;1732514318.0;2406.0;340.0;5;-1.0;-1.0;5;420.0;-1.0;-1;-1;-1;-1;-1;-1;-1;-1
660;1732514323.0;2530.0;159.0;5;-1.0;-1.0;5;180.0;-1.0;-1;-1;-1;-1;-1;-1;-1;-1
661;1732514328.0;12294.0;338.0;7;-1.0;-1.0;7;420.0;-1.0;-1;-1;-1;-1;-1;-1;-1;-1
662;1732514333.0;12628.0;52.0;7;-1.0;-1.0;7;60.0;-1.0;-1;-1;-1;-1;-1;-1;-1;-1
663;1732514338.0;312.0;243.0;2;-1.0;-1.0;2;300.0;-1.0;-1;-1;-1;-1;-1;-1;-1;-1
664;1732514343.0;32814.0;387.0;14;-1.0;-1.0;14;420.0;-1.0;-1;-1;-1;-1;-1;-1;-1;-1
665;1732514348.0;33198.0;900.0;14;-1.0;-1.0;14;900.0;-1.0;-1;-1;-1;-1;-1;-1;-1;-1
666;1732514353.0;34096.0;377.0;13;-1.0;-1.0;13;420.0;-1.0;-1;-1;-1;-1;-1;-1;-1;-1
667;1732514358.0;35748.0;285.0;16;-1.0;-1.0;16;300.0;-1.0;-1;-1;-1;-1;-1;-1;-1;-1
668;1732514363.0;34464.0;343.0;14;-1.0;-1.0;14;420.0;-1.0;-1;-1;-1;-1;-1;-1;-1;-1
669;1732514368.0;46328.0;551.0;24;-1.0;-1.0;24;600.0;-1.0;-1;-1;-1;-1;-1;-1;-1;-1
670;1732514373.0;13612.0;244.0;8;-1.0;-1.0;8;300.0;-1.0;-1;-1;-1;-1;-1;-1;-1;-1
671;1732514378.0;278.0;57.0;2;-1.0;-1.0;2;60.0;-1.0;-1;-1;-1;-1;-1;-1;-1;-1
672;1732514383.0;36009.0;376.0;16;-1.0;-1.0;16;420.0;-1.0;-1;-1;-1;-1;-1;-1;-1;-1
673;1732514388.0;40825.0;386.0;19;-1.0;-1.0;19;420.0;-1.0;-1;-1;-1;-1;-1;-1;-1;-1
674;1732514394.0;46017.0;342.0;22;-1.0;-1.0;22;420.0;-1.0;-1;-1;-1;-1;-1;-1;-1;-1
675;1732514399.0;34772.0;55.0;13;-1.0;-1.0;13;60.0;-1.0;-1;-1;-1;-1;-1;-1;-1;-1
676;1732514404.0;12.0;59.0;1;-1.0;-1.0;1;60.0;-1.0;-1;-1;-1;-1;-1;-1;-1;-1
677;1732514409.0;305.0;155.0;2;-1.0;-1.0;2;180.0;-1.0;-1;-1;-1;-1;-1;-1;-1;-1
678;1732514414.0;2599.0;166.0;5;-1.0;-1.0;5;180.0;-1.0;-1;-1;-1;-1;-1;-1;-1;-1
679;1732514419.0;34808.0;299.0;14;-1.0;-1.0;14;300.0;-1.0;-1;-1;-1;-1;-1;-1;-1;-1
680;1732514424.0;358.0;54.0;3;-1.0;-1.0;3;60.0;-1.0;-1;-1;-1;-1;-1;-1;-1;-1
681;1732514429.0;36340.0;397.0;16;-1.0;-1.0;16;420.0;-1.0;-1;-1;-1;-1;-1;-1;-1;-1
682;1732514434.0;12580.0;174.0;7;-1.0;-1.0;7;180.0;-1.0;-1;-1;-1;-1;-1;-1;-1;-1
683;1732514439.0;46810.0;872.0;23;-1.0;-1.0;23;900.0;-1.0;-1;-1;-1;-1;-1;-1;-1;-1
684;1732514444.0;35083.0;295.0;13;-1.0;-1.0;13;300.0;-1.0;-1;-1;-1;-1;-1;-1;-1;-1
685;1732514449.0;13781.0;346.0;8;-1.0;-1.0;8;420.0;-1.0;-1;-1;-1;-1;-1;-1;-1;-1
686;1732514454.0;384.0;377.0;3;-1.0;-1.0;3;420.0;-1.0;-1;-1;-1;-1;-1;-1;-1;-1
687;1732514459.0;42111.0;154.0;21;-1.0;-1.0;21;180.0;-1.0;-1;-1;-1;-1;-1;-1;-1;-1
688;1732514464.0;1746.0;339.0;4;-1.0;-1.0;4;420.0;-1.0;-1;-1;-1;-1;-1;-1;-1;-1
689;1732514469.0;41216.0;353.0;20;-1.0;-1.0;20;420.0;-1.0;-1;-1;-1;-1;-1;-1;-1;-1
690;1732514474.0;14777.0;55.0;11;-1.0;-1.0;11;60.0;-1.0;-1;-1;-1;-1;-1;-1;-1;-1
691;1732514479.0;35626.0;291.0;14;-1.0;-1.0;14;300.0;-1.0;-1;-1;-1;-1;-1;-1;-1;-1
692;1732514484.0;35913.0;285.0;14;-1.0;-1.0;14;300.0;-1.0;-1;-1;-1;-1;-1;-1;-1;-1
693;1732514489.0;46793.0;488.0;23;-1.0;-1.0;23;600.0;-1.0;-1;-1;-1;-1;-1;-1;-1;-1
694;1732514494.0;36189.0;56.0;14;-1.0;-1.0;14;60.0;-1.0;-1;-1;-1;-1;-1;-1;-1;-1
695;1732514499.0;3445.0;891.0;5;-1.0;-1.0;5;900.0;-1.0;-1;-1;-1;-1;-1;-1;-1;-1
696;1732514504.0;41096.0;159.0;17;-1.0;-1.0;17;180.0;-1.0;-1;-1;-1;-1;-1;-1;-1;-1
697;1732514509.0;42216.0;873.0;21;-1.0;-1.0;21;900.0;-1.0;-1;-1;-1;-1;-1;-1;-1;-1
698;1732514514.0;14793.0;159.0;11;-1.0;-1.0;11;180.0;-1.0;-1;-1;-1;-1;-1;-1;-1;-1
699;1732514519.0;351.0;51.0;2;-1.0;-1.0;2;60.0;-1.0;-1;-1;-1;-1;-1;-1;-1;-1
700;1732514524.0;41236.0;409.0;17;-1.0;-1.0;17;420.0;-1.0;-1;-1;-1;-1;-1;-1;-1;-1
701;1732514529.0;1749.0;264.0;4;-1.0;-1.0;4;300.0;-1.0;-1;-1;-1;-1;-1;-1;-1;-1
702;1732514534.0;43066.0;59.0;20;-1.0;-1.0;20;60.0;-1.0;-1;-1;-1;-1;-1;-1;-1;-1
703;1732514539.0;46215.0;283.0;22;-1.0;-1.0;22;300.0;-1.0;-1;-1;-1;-1;-1;-1;-1;-1
704;1732514544.0;36624.0;57.0;15;-1.0;-1.0;15;60.0;-1.0;-1;-1;-1;-1;-1;-1;-1;-1
705;1732514549.0;16590.0;180.0;10;-1.0;-1.0;10;180.0;-1.0;-1;-1;-1;-1;-1;-1;-1;-1
706;1732514554.0;41616.0;274.0;17;-1.0;-1.0;17;300.0;-1.0;-1;-1;-1;-1;-1;-1;-1;-1
707;1732514559.0;15207.0;414.0;8;-1.0;-1.0;8;420.0;-1.0;-1;-1;-1;-1;-1;-1;-1;-1
708;1732514564.0;36176.0;390.0;14;-1.0;-1.0;14;420.0;-1.0;-1;-1;-1;-1;-1;-1;-1;-1
709;1732514569.0;47202.0;60.0;23;-1.0;-1.0;23;60.0;-1.0;-1;-1;-1;-1;-1;-1;-1;-1
710;1732514574.0;12615.0;780.0;7;-1.0;-1.0;7;900.0;-1.0;-1;-1;-1;-1;-1;-1;-1;-1
711;1732514579.0;36552.0;179.0;14;-1.0;-1.0;14;180.0;-1.0;-1;-1;-1;-1;-1;-1;-1;-1
712;1732514584.0;43076.0;384.0;20;-1.0;-1.0;20;420.0;-1.0;-1;-1;-1;-1;-1;-1;-1;-1
713;1732514589.0;3489.0;153.0;5;-1.0;-1.0;5;180.0;-1.0;-1;-1;-1;-1;-1;-1;-1;-1
714;1732514594.0;43451.0;585.0;20;-1.0;-1.0;20;600.0;-1.0;-1;-1;-1;-1;-1;-1;-1;-1
715;1732514599.0;16838.0;895.0;11;-1.0;-1.0;11;900.0;-1.0;-1;-1;-1;-1;-1;-1;-1;-1
716;1732514604.0;1946.0;753.0;4;-1.0;-1.0;4;900.0;-1.0;-1;-1;-1;-1;-1;-1;-1;-1
717;1732514609.0;36617.0;300.0;16;-1.0;-1.0;16;300.0;-1.0;-1;-1;-1;-1;-1;-1;-1;-1
718;1732514614.0;42862.0;361.0;18;-1.0;-1.0;18;420.0;-1.0;-1;-1;-1;-1;-1;-1;-1;-1
719;1732514619.0;46420.0;180.0;21;-1.0;-1.0;21;180.0;-1.0;-1;-1;-1;-1;-1;-1;-1;-1
720;1732514624.0;16697.0;564.0;10;-1.0;-1.0;10;600.0;-1.0;-1;-1;-1;-1;-1;-1;-1;-1
721;1732514629.0;43209.0;499.0;18;-1.0;-1.0;18;600.0;-1.0;-1;-1;-1;-1;-1;-1;-1;-1
722;1732514634.0;36895.0;512.0;15;-1.0;-1.0;15;600.0;-1.0;-1;-1;-1;-1;-1;-1;-1;-1
723;1732514639.0;46581.0;60.0;22;-1.0;-1.0;22;60.0;-1.0;-1;-1;-1;-1;-1;-1;-1;-1
724;1732514644.0;16915.0;352.0;12;-1.0;-1.0;12;420.0;-1.0;-1;-1;-1;-1;-1;-1;-1;-1
725;1732514649.0;3450.0;149.0;6;-1.0;-1.0;6;180.0;-1.0;-1;-1;-1;-1;-1;-1;-1;-1
726;1732514654.0;43736.0;157.0;19;-1.0;-1.0;19;180.0;-1.0;-1;-1;-1;-1;-1;-1;-1;-1
727;1732514659.0;264.0;180.0;3;-1.0;-1.0;3;180.0;-1.0;-1;-1;-1;-1;-1;-1;-1;-1
728;1732514664.0;35159.0;280.0;13;-1.0;-1.0;13;300.0;-1.0;-1;-1;-1;-1;-1;-1;-1;-1
729;1732514669.0;15512.0;173.0;8;-1.0;-1.0;8;180.0;-1.0;-1;-1;-1;-1;-1;-1;-1;-1
730;1732514674.0;37015.0;161.0;15;-1.0;-1.0;15;180.0;-1.0;-1;-1;-1;-1;-1;-1;-1;-1
731;1732514679.0;43869.0;414.0;19;-1.0;-1.0;19;420.0;-1.0;-1;-1;-1;-1;-1;-1;-1;-1
732;1732514684.0;36627.0;377.0;14;-1.0;-1.0;14;420.0;-1.0;-1;-1;-1;-1;-1;-1;-1;-1
733;1732514689.0;37353.0;52.0;14;-1.0;-1.0;14;60.0;-1.0;-1;-1;-1;-1;-1;-1;-1;-1
734;1732514694.0;252.0;407.0;3;-1.0;-1.0;3;420.0;-1.0;-1;-1;-1;-1;-1;-1;-1;-1
735;1732514699.0;186.0;59.0;2;-1.0;-1.0;2;60.0;-1.0;-1;-1;-1;-1;-1;-1;-1;-1
736;1732514704.0;17160.0;268.0;10;-1.0;-1.0;10;300.0;-1.0;-1;-1;-1;-1;-1;-1;-1;-1
737;1732514709.0;325.0;816.0;3;-1.0;-1.0;3;900.0;-1.0;-1;-1;-1;-1;-1;-1;-1;-1
738;1732514714.0;13256.0;884.0;7;-1.0;-1.0;7;900.0;-1.0;-1;-1;-1;-1;-1;-1;-1;-1
739;1732514719.0;3402.0;416.0;6;-1.0;-1.0;6;420.0;-1.0;-1;-1;-1;-1;-1;-1;-1;-1
740;1732514724.0;2580.0;773.0;4;-1.0;-1.0;4;900.0;-1.0;-1;-1;-1;-1;-1;-1;-1;-1
741;1732514729.0;43902.0;775.0;19;-1.0;-1.0;19;900.0;-1.0;-1;-1;-1;-1;-1;-1;-1;-1
742;1732514734.0;340.0;263.0;3;-1.0;-1.0;3;300.0;-1.0;-1;-1;-1;-1;-1;-1;-1;-1
743;1732514739.0;3494.0;60.0;5;-1.0;-1.0;5;60.0;-1.0;-1;-1;-1;-1;-1;-1;-1;-1
744;1732514744.0;15611.0;372.0;9;-1.0;-1.0;9;420.0;-1.0;-1;-1;-1;-1;-1;-1;-1;-1
745;1732514749.0;15979.0;410.0;9;-1.0;-1.0;9;420.0;-1.0;-1;-1;-1;-1;-1;-1;-1;-1
746;1732514754.0;47079.0;866.0;23;-1.0;-1.0;23;900.0;-1.0;-1;-1;-1;-1;-1;-1;-1;-1
747;1732514759.0;135.0;175.0;1;-1.0;-1.0;1;180.0;-1.0;-1;-1;-1;-1;-1;-1;-1;-1
748;1732514764.0;37331.0;160.0;14;-1.0;-1.0;14;180.0;-1.0;-1;-1;-1;-1;-1;-1;-1;-1
749;1732514769.0;41676.0;180.0;17;-1.0;-1.0;17;180.0;-1.0;-1;-1;-1;-1;-1;-1;-1;-1
750;1732514774.0;41854.0;846.0;17;-1.0;-1.0;17;900.0;-1.0;-1;-1;-1;-1;-1;-1;-1;-1
751;1732514780.0;43558.0;51.0;17;-1.0;-1.0;17;60.0;-1.0;-1;-1;-1;-1;-1;-1;-1;-1
752;1732514785.0;37471.0;155.0;13;-1.0;-1.0;13;180.0;-1.0;-1;-1;-1;-1;-1;-1;-1;-1
753;1732514790.0;44174.0;52.0;17;-1.0;-1.0;17;60.0;-1.0;-1;-1;-1;-1;-1;-1;-1;-1
754;1732514795.0;310.0;263.0;2;-1.0;-1.0;2;300.0;-1.0;-1;-1;-1;-1;-1;-1;-1;-1
755;1732514800.0;3449.0;397.0;5;-1.0;-1.0;5;420.0;-1.0;-1;-1;-1;-1;-1;-1;-1;-1
756;1732514805.0;411.0;266.0;3;-1.0;-1.0;3;300.0;-1.0;-1;-1;-1;-1;-1;-1;-1;-1
757;1732514810.0;37602.0;367.0;14;-1.0;-1.0;14;420.0;-1.0;-1;-1;-1;-1;-1;-1;-1;-1
758;1732514815.0;37966.0;58.0;13;-1.0;-1.0;13;60.0;-1.0;-1;-1;-1;-1;-1;-1;-1;-1
759;1732514820.0;3475.0;254.0;4;-1.0;-1.0;4;300.0;-1.0;-1;-1;-1;-1;-1;-1;-1;-1
760;1732514825.0;3714.0;154.0;5;-1.0;-1.0;5;180.0;-1.0;-1;-1;-1;-1;-1;-1;-1;-1
761;1732514830.0;3720.0;386.0;5;-1.0;-1.0;5;420.0;-1.0;-1;-1;-1;-1;-1;-1;-1;-1
762;1732514835.0;44182.0;52.0;19;-1.0;-1.0;19;60.0;-1.0;-1;-1;-1;-1;-1;-1;-1;-1
763;1732514840.0;498.0;60.0;3;-1.0;-1.0;3;60.0;-1.0;-1;-1;-1;-1;-1;-1;-1;-1
764;1732514845.0;44225.0;402.0;20;-1.0;-1.0;20;420.0;-1.0;-1;-1;-1;-1;-1;-1;-1;-1
765;1732514850.0;37990.0;268.0;13;-1.0;-1.0;13;300.0;-1.0;-1;-1;-1;-1;-1;-1;-1;-1
766;1732514855.0;38254.0;150.0;14;-1.0;-1.0;14;180.0;-1.0;-1;-1;-1;-1;-1;-1;-1;-1
767;1732514860.0;44548.0;171.0;19;-1.0;-1.0;19;180.0;-1.0;-1;-1;-1;-1;-1;-1;-1;-1
768;1732514865.0;44608.0;58.0;16;-1.0;-1.0;16;60.0;-1.0;-1;-1;-1;-1;-1;-1;-1;-1
769;1732514870.0;485.0;60.0;3;-1.0;-1.0;3;60.0;-1.0;-1;-1;-1;-1;-1;-1;-1;-1
770;1732514875.0;44657.0;147.0;16;-1.0;-1.0;16;180.0;-1.0;-1;-1;-1;-1;-1;-1;-1;-1
771;1732514880.0;38380.0;363.0;13;-1.0;-1.0;13;420.0;-1.0;-1;-1;-1;-1;-1;-1;-1;-1
772;1732514885.0;47237.0;407.0;22;-1.0;-1.0;22;420.0;-1.0;-1;-1;-1;-1;-1;-1;-1;-1
773;1732514890.0;38734.0;871.0;13;-1.0;-1.0;13;900.0;-1.0;-1;-1;-1;-1;-1;-1;-1;-1
774;1732514895.0;44786.0;58.0;16;-1.0;-1.0;16;60.0;-1.0;-1;-1;-1;-1;-1;-1;-1;-1
775;1732514900.0;39596.0;271.0;13;-1.0;-1.0;13;300.0;-1.0;-1;-1;-1;-1;-1;-1;-1;-1
776;1732514905.0;3789.0;578.0;6;-1.0;-1.0;6;600.0;-1.0;-1;-1;-1;-1;-1;-1;-1;-1
777;1732514910.0;3737.0;739.0;4;-1.0;-1.0;4;900.0;-1.0;-1;-1;-1;-1;-1;-1;-1;-1
778;1732514915.0;3921.0;527.0;5;-1.0;-1.0;5;600.0;-1.0;-1;-1;-1;-1;-1;-1;-1;-1
779;1732514920.0;48216.0;275.0;24;-1.0;-1.0;24;300.0;-1.0;-1;-1;-1;-1;-1;-1;-1;-1
780;1732514925.0;16962.0;51.0;8;-1.0;-1.0;8;60.0;-1.0;-1;-1;-1;-1;-1;-1;-1;-1
781;1732514930.0;47770.0;582.0;23;-1.0;-1.0;23;600.0;-1.0;-1;-1;-1;-1;-1;-1;-1;-1
782;1732514935.0;40737.0;299.0;15;-1.0;-1.0;15;300.0;-1.0;-1;-1;-1;-1;-1;-1;-1;-1
783;1732514940.0;44800.0;178.0;16;-1.0;-1.0;16;180.0;-1.0;-1;-1;-1;-1;-1;-1;-1;-1
784;1732514945.0;48338.0;297.0;23;-1.0;-1.0;23;300.0;-1.0;-1;-1;-1;-1;-1;-1;-1;-1
785;1732514950.0;47179.0;251.0;20;-1.0;-1.0;20;300.0;-1.0;-1;-1;-1;-1;-1;-1;-1;-1
786;1732514955.0;40.0;248.0;1;-1.0;-1.0;1;300.0;-1.0;-1;-1;-1;-1;-1;-1;-1;-1
787;1732514960.0;110.0;288.0;1;-1.0;-1.0;1;300.0;-1.0;-1;-1;-1;-1;-1;-1;-1;-1
788;1732514965.0;16975.0;780.0;8;-1.0;-1.0;8;900.0;-1.0;-1;-1;-1;-1;-1;-1;-1;-1
789;1732514970.0;47560.0;347.0;22;-1.0;-1.0;22;420.0;-1.0;-1;-1;-1;-1;-1;-1;-1;-1
790;1732514975.0;3962.0;53.0;5;-1.0;-1.0;5;60.0;-1.0;-1;-1;-1;-1;-1;-1;-1;-1
791;1732514980.0;17609.0;528.0;12;-1.0;-1.0;12;600.0;-1.0;-1;-1;-1;-1;-1;-1;-1;-1
792;1732514985.0;44934.0;291.0;18;-1.0;-1.0;18;300.0;-1.0;-1;-1;-1;-1;-1;-1;-1;-1
793;1732514990.0;17143.0;297.0;9;-1.0;-1.0;9;300.0;-1.0;-1;-1;-1;-1;-1;-1;-1;-1
794;1732514995.0;110.0;244.0;1;-1.0;-1.0;1;300.0;-1.0;-1;-1;-1;-1;-1;-1;-1;-1
795;1732515000.0;18118.0;149.0;12;-1.0;-1.0;12;180.0;-1.0;-1;-1;-1;-1;-1;-1;-1;-1
796;1732515005.0;47873.0;257.0;21;-1.0;-1.0;21;300.0;-1.0;-1;-1;-1;-1;-1;-1;-1;-1
797;1732515010.0;359.0;843.0;3;-1.0;-1.0;3;900.0;-1.0;-1;-1;-1;-1;-1;-1;-1;-1
798;1732515015.0;4258.0;180.0;6;-1.0;-1.0;6;180.0;-1.0;-1;-1;-1;-1;-1;-1;-1;-1
799;1732515020.0;3971.0;588.0;5;-1.0;-1.0;5;600.0;-1.0;-1;-1;-1;-1;-1;-1;-1;-1
800;1732515025.0;40947.0;60.0;14;-1.0;-1.0;14;60.0;-1.0;-1;-1;-1;-1;-1;-1;-1;-1
801;1732515030.0;48254.0;54.0;24;-1.0;-1.0;24;60.0;-1.0;-1;-1;-1;-1;-1;-1;-1;-1
802;1732515035.0;366.0;58.0;3;-1.0;-1.0;3;60.0;-1.0;-1;-1;-1;-1;-1;-1;-1;-1
803;1732515040.0;4324.0;169.0;5;-1.0;-1.0;5;180.0;-1.0;-1;-1;-1;-1;-1;-1;-1;-1
804;1732515045.0;105.0;841.0;2;-1.0;-1.0;2;900.0;-1.0;-1;-1;-1;-1;-1;-1;-1;-1
805;1732515050.0;172.0;789.0;1;-1.0;-1.0;1;900.0;-1.0;-1;-1;-1;-1;-1;-1;-1;-1
806;1732515055.0;40978.0;810.0;14;-1.0;-1.0;14;900.0;-1.0;-1;-1;-1;-1;-1;-1;-1;-1
807;1732515060.0;48279.0;153.0;22;-1.0;-1.0;22;180.0;-1.0;-1;-1;-1;-1;-1;-1;-1;-1
808;1732515065.0;42766.0;177.0;15;-1.0;-1.0;15;180.0;-1.0;-1;-1;-1;-1;-1;-1;-1;-1
809;1732515070.0;45141.0;148.0;16;-1.0;-1.0;16;180.0;-1.0;-1;-1;-1;-1;-1;-1;-1;-1
810;1732515075.0;47861.0;347.0;21;-1.0;-1.0;21;420.0;-1.0;-1;-1;-1;-1;-1;-1;-1;-1
811;1732515080.0;39688.0;900.0;13;-1.0;-1.0;13;900.0;-1.0;-1;-1;-1;-1;-1;-1;-1;-1
812;1732515085.0;47297.0;553.0;20;-1.0;-1.0;20;600.0;-1.0;-1;-1;-1;-1;-1;-1;-1;-1
813;1732515090.0;17243.0;255.0;11;-1.0;-1.0;11;300.0;-1.0;-1;-1;-1;-1;-1;-1;-1;-1
814;1732515095.0;323.0;782.0;2;-1.0;-1.0;2;900.0;-1.0;-1;-1;-1;-1;-1;-1;-1;-1
815;1732515100.0;48312.0;733.0;23;-1.0;-1.0;23;900.0;-1.0;-1;-1;-1;-1;-1;-1;-1;-1
816;1732515105.0;17326.0;780.0;8;-1.0;-1.0;8;900.0;-1.0;-1;-1;-1;-1;-1;-1;-1;-1
817;1732515110.0;45994.0;578.0;19;-1.0;-1.0;19;600.0;-1.0;-1;-1;-1;-1;-1;-1;-1;-1
818;1732515115.0;41729.0;164.0;13;-1.0;-1.0;13;180.0;-1.0;-1;-1;-1;-1;-1;-1;-1;-1
819;1732515120.0;4267.0;502.0;4;-1.0;-1.0;4;600.0;-1.0;-1;-1;-1;-1;-1;-1;-1;-1
820;1732515125.0;18144.0;387.0;11;-1.0;-1.0;11;420.0;-1.0;-1;-1;-1;-1;-1;-1;-1;-1
821;1732515130.0;48364.0;826.0;20;-1.0;-1.0;20;900.0;-1.0;-1;-1;-1;-1;-1;-1;-1;-1
822;1732515135.0;45493.0;291.0;18;-1.0;-1.0;18;300.0;-1.0;-1;-1;-1;-1;-1;-1;-1;-1
823;1732515140.0;48441.0;291.0;22;-1.0;-1.0;22;300.0;-1.0;-1;-1;-1;-1;-1;-1;-1;-1
824;1732515145.0;45776.0;180.0;18;-1.0;-1.0;18;180.0;-1.0;-1;-1;-1;-1;-1;-1;-1;-1
825;1732515150.0;17571.0;60.0;8;-1.0;-1.0;8;60.0;-1.0;-1;-1;-1;-1;-1;-1;-1;-1
826;1732515155.0;48719.0;59.0;23;-1.0;-1.0;23;60.0;-1.0;-1;-1;-1;-1;-1;-1;-1;-1
827;1732515160.0;45200.0;267.0;17;-1.0;-1.0;17;300.0;-1.0;-1;-1;-1;-1;-1;-1;-1;-1
828;1732515165.0;41844.0;821.0;14;-1.0;-1.0;14;900.0;-1.0;-1;-1;-1;-1;-1;-1;-1;-1
829;1732515171.0;18487.0;885.0;10;-1.0;-1.0;10;900.0;-1.0;-1;-1;-1;-1;-1;-1;-1;-1
830;1732515176.0;48758.0;396.0;21;-1.0;-1.0;21;420.0;-1.0;-1;-1;-1;-1;-1;-1;-1;-1
831;1732515181.0;17601.0;170.0;8;-1.0;-1.0;8;180.0;-1.0;-1;-1;-1;-1;-1;-1;-1;-1
832;1732515186.0;46497.0;289.0;17;-1.0;-1.0;17;300.0;-1.0;-1;-1;-1;-1;-1;-1;-1;-1
833;1732515191.0;48955.0;247.0;21;-1.0;-1.0;21;300.0;-1.0;-1;-1;-1;-1;-1;-1;-1;-1
834;1732515196.0;49125.0;349.0;21;-1.0;-1.0;21;420.0;-1.0;-1;-1;-1;-1;-1;-1;-1;-1
835;1732515201.0;49130.0;577.0;20;-1.0;-1.0;20;600.0;-1.0;-1;-1;-1;-1;-1;-1;-1;-1
836;1732515206.0;42803.0;375.0;14;-1.0;-1.0;14;420.0;-1.0;-1;-1;-1;-1;-1;-1;-1;-1
837;1732515211.0;13644.0;180.0;7;-1.0;-1.0;7;180.0;-1.0;-1;-1;-1;-1;-1;-1;-1;-1
838;1732515216.0;6.0;166.0;1;-1.0;-1.0;1;180.0;-1.0;-1;-1;-1;-1;-1;-1;-1;-1
839;1732515221.0;21257.0;299.0;11;-1.0;-1.0;11;300.0;-1.0;-1;-1;-1;-1;-1;-1;-1;-1
840;1732515226.0;49168.0;377.0;21;-1.0;-1.0;21;420.0;-1.0;-1;-1;-1;-1;-1;-1;-1;-1
841;1732515231.0;49440.0;382.0;20;-1.0;-1.0;20;420.0;-1.0;-1;-1;-1;-1;-1;-1;-1;-1
842;1732515236.0;46737.0;155.0;19;-1.0;-1.0;19;180.0;-1.0;-1;-1;-1;-1;-1;-1;-1;-1
843;1732515241.0;19303.0;60.0;9;-1.0;-1.0;9;60.0;-1.0;-1;-1;-1;-1;-1;-1;-1;-1
844;1732515246.0;13791.0;359.0;7;-1.0;-1.0;7;420.0;-1.0;-1;-1;-1;-1;-1;-1;-1;-1
845;1732515251.0;19354.0;157.0;9;-1.0;-1.0;9;180.0;-1.0;-1;-1;-1;-1;-1;-1;-1;-1
846;1732515256.0;4199.0;893.0;4;-1.0;-1.0;4;900.0;-1.0;-1;-1;-1;-1;-1;-1;-1;-1
847;1732515261.0;4273.0;249.0;4;-1.0;-1.0;4;300.0;-1.0;-1;-1;-1;-1;-1;-1;-1;-1
848;1732515266.0;21512.0;54.0;12;-1.0;-1.0;12;60.0;-1.0;-1;-1;-1;-1;-1;-1;-1;-1
849;1732515271.0;14127.0;367.0;7;-1.0;-1.0;7;420.0;-1.0;-1;-1;-1;-1;-1;-1;-1;-1
850;1732515276.0;50847.0;269.0;24;-1.0;-1.0;24;300.0;-1.0;-1;-1;-1;-1;-1;-1;-1;-1
851;1732515281.0;179.0;801.0;2;-1.0;-1.0;2;900.0;-1.0;-1;-1;-1;-1;-1;-1;-1;-1
852;1732515286.0;21547.0;249.0;12;-1.0;-1.0;12;300.0;-1.0;-1;-1;-1;-1;-1;-1;-1;-1
853;1732515291.0;21792.0;282.0;11;-1.0;-1.0;11;300.0;-1.0;-1;-1;-1;-1;-1;-1;-1;-1
854;1732515296.0;555.0;756.0;2;-1.0;-1.0;2;900.0;-1.0;-1;-1;-1;-1;-1;-1;-1;-1
855;1732515301.0;49471.0;533.0;23;-1.0;-1.0;23;600.0;-1.0;-1;-1;-1;-1;-1;-1;-1;-1
856;1732515306.0;17647.0;532.0;8;-1.0;-1.0;8;600.0;-1.0;-1;-1;-1;-1;-1;-1;-1;-1
857;1732515311.0;17902.0;388.0;8;-1.0;-1.0;8;420.0;-1.0;-1;-1;-1;-1;-1;-1;-1;-1
858;1732515316.0;49991.0;795.0;23;-1.0;-1.0;23;900.0;-1.0;-1;-1;-1;-1;-1;-1;-1;-1
859;1732515321.0;5120.0;148.0;6;-1.0;-1.0;6;180.0;-1.0;-1;-1;-1;-1;-1;-1;-1;-1
860;1732515326.0;49583.0;484.0;18;-1.0;-1.0;18;600.0;-1.0;-1;-1;-1;-1;-1;-1;-1;-1
861;1732515331.0;49723.0;286.0;22;-1.0;-1.0;22;300.0;-1.0;-1;-1;-1;-1;-1;-1;-1;-1
862;1732515336.0;50005.0;60.0;17;-1.0;-1.0;17;60.0;-1.0;-1;-1;-1;-1;-1;-1;-1;-1
863;1732515341.0;50382.0;399.0;22;-1.0;-1.0;22;420.0;-1.0;-1;-1;-1;-1;-1;-1;-1;-1
864;1732515346.0;4.0;266.0;1;-1.0;-1.0;1;300.0;-1.0;-1;-1;-1;-1;-1;-1;-1;-1
865;1732515351.0;18135.0;263.0;7;-1.0;-1.0;7;300.0;-1.0;-1;-1;-1;-1;-1;-1;-1;-1
866;1732515356.0;19407.0;280.0;9;-1.0;-1.0;9;300.0;-1.0;-1;-1;-1;-1;-1;-1;-1;-1
867;1732515361.0;50033.0;175.0;19;-1.0;-1.0;19;180.0;-1.0;-1;-1;-1;-1;-1;-1;-1;-1
868;1732515366.0;20106.0;57.0;10;-1.0;-1.0;10;60.0;-1.0;-1;-1;-1;-1;-1;-1;-1;-1
869;1732515371.0;22326.0;274.0;12;-1.0;-1.0;12;300.0;-1.0;-1;-1;-1;-1;-1;-1;-1;-1
870;1732515376.0;19668.0;169.0;9;-1.0;-1.0;9;180.0;-1.0;-1;-1;-1;-1;-1;-1;-1;-1
871;1732515381.0;611.0;251.0;2;-1.0;-1.0;2;300.0;-1.0;-1;-1;-1;-1;-1;-1;-1;-1
872;1732515386.0;43000.0;246.0;13;-1.0;-1.0;13;300.0;-1.0;-1;-1;-1;-1;-1;-1;-1;-1
873;1732515391.0;20140.0;561.0;10;-1.0;-1.0;10;600.0;-1.0;-1;-1;-1;-1;-1;-1;-1;-1
874;1732515396.0;20698.0;383.0;10;-1.0;-1.0;10;420.0;-1.0;-1;-1;-1;-1;-1;-1;-1;-1
875;1732515401.0;812.0;757.0;3;-1.0;-1.0;3;900.0;-1.0;-1;-1;-1;-1;-1;-1;-1;-1
876;1732515406.0;4174.0;54.0;5;-1.0;-1.0;5;60.0;-1.0;-1;-1;-1;-1;-1;-1;-1;-1
877;1732515411.0;50692.0;50.0;21;-1.0;-1.0;21;60.0;-1.0;-1;-1;-1;-1;-1;-1;-1;-1
878;1732515416.0;785.0;594.0;2;-1.0;-1.0;2;600.0;-1.0;-1;-1;-1;-1;-1;-1;-1;-1
879;1732515421.0;50733.0;383.0;21;-1.0;-1.0;21;420.0;-1.0;-1;-1;-1;-1;-1;-1;-1;-1
880;1732515426.0;50967.0;752.0;21;-1.0;-1.0;21;900.0;-1.0;-1;-1;-1;-1;-1;-1;-1;-1
881;1732515431.0;53596.0;369.0;24;-1.0;-1.0;24;420.0;-1.0;-1;-1;-1;-1;-1;-1;-1;-1
882;1732515436.0;51711.0;58.0;22;-1.0;-1.0;22;60.0;-1.0;-1;-1;-1;-1;-1;-1;-1;-1
883;1732515441.0;51097.0;859.0;20;-1.0;-1.0;20;900.0;-1.0;-1;-1;-1;-1;-1;-1;-1;-1
884;1732515446.0;43187.0;53.0;12;-1.0;-1.0;12;60.0;-1.0;-1;-1;-1;-1;-1;-1;-1;-1
885;1732515451.0;1438.0;52.0;3;-1.0;-1.0;3;60.0;-1.0;-1;-1;-1;-1;-1;-1;-1;-1
886;1732515456.0;49948.0;55.0;18;-1.0;-1.0;18;60.0;-1.0;-1;-1;-1;-1;-1;-1;-1;-1
887;1732515461.0;43226.0;575.0;12;-1.0;-1.0;12;600.0;-1.0;-1;-1;-1;-1;-1;-1;-1;-1
888;1732515466.0;4169.0;290.0;4;-1.0;-1.0;4;300.0;-1.0;-1;-1;-1;-1;-1;-1;-1;-1
889;1732515471.0;49989.0;262.0;18;-1.0;-1.0;18;300.0;-1.0;-1;-1;-1;-1;-1;-1;-1;-1
890;1732515476.0;4309.0;396.0;4;-1.0;-1.0;4;420.0;-1.0;-1;-1;-1;-1;-1;-1;-1;-1
891;1732515481.0;51725.0;249.0;20;-1.0;-1.0;20;300.0;-1.0;-1;-1;-1;-1;-1;-1;-1;-1
892;1732515486.0;4405.0;568.0;4;-1.0;-1.0;4;600.0;-1.0;-1;-1;-1;-1;-1;-1;-1;-1
893;1732515491.0;21875.0;60.0;11;-1.0;-1.0;11;60.0;-1.0;-1;-1;-1;-1;-1;-1;-1;-1
894;1732515496.0;51855.0;149.0;20;-1.0;-1.0;20;180.0;-1.0;-1;-1;-1;-1;-1;-1;-1;-1
895;1732515501.0;53759.0;160.0;24;-1.0;-1.0;24;180.0;-1.0;-1;-1;-1;-1;-1;-1;-1;-1
896;1732515506.0;738.0;772.0;2;-1.0;-1.0;2;900.0;-1.0;-1;-1;-1;-1;-1;-1;-1;-1
897;1732515511.0;5079.0;756.0;5;-1.0;-1.0;5;900.0;-1.0;-1;-1;-1;-1;-1;-1;-1;-1
898;1732515516.0;21913.0;266.0;11;-1.0;-1.0;11;300.0;-1.0;-1;-1;-1;-1;-1;-1;-1;-1
899;1732515521.0;52221.0;53.0;21;-1.0;-1.0;21;60.0;-1.0;-1;-1;-1;-1;-1;-1;-1;-1
900;1732515526.0;53774.0;738.0;24;-1.0;-1.0;24;900.0;-1.0;-1;-1;-1;-1;-1;-1;-1;-1
901;1732515531.0;6306.0;173.0;6;-1.0;-1.0;6;180.0;-1.0;-1;-1;-1;-1;-1;-1;-1;-1
902;1732515536.0;49847.0;173.0;15;-1.0;-1.0;15;180.0;-1.0;-1;-1;-1;-1;-1;-1;-1;-1
903;1732515541.0;51858.0;342.0;20;-1.0;-1.0;20;420.0;-1.0;-1;-1;-1;-1;-1;-1;-1;-1
904;1732515546.0;53120.0;592.0;23;-1.0;-1.0;23;600.0;-1.0;-1;-1;-1;-1;-1;-1;-1;-1
905;1732515551.0;50007.0;157.0;15;-1.0;-1.0;15;180.0;-1.0;-1;-1;-1;-1;-1;-1;-1;-1
906;1732515556.0;5791.0;243.0;5;-1.0;-1.0;5;300.0;-1.0;-1;-1;-1;-1;-1;-1;-1;-1
907;1732515561.0;6030.0;245.0;5;-1.0;-1.0;5;300.0;-1.0;-1;-1;-1;-1;-1;-1;-1;-1
908;1732515566.0;50005.0;153.0;16;-1.0;-1.0;16;180.0;-1.0;-1;-1;-1;-1;-1;-1;-1;-1
909;1732515571.0;50146.0;60.0;14;-1.0;-1.0;14;60.0;-1.0;-1;-1;-1;-1;-1;-1;-1;-1
910;1732515576.0;52809.0;280.0;22;-1.0;-1.0;22;300.0;-1.0;-1;-1;-1;-1;-1;-1;-1;-1
911;1732515581.0;50144.0;265.0;14;-1.0;-1.0;14;300.0;-1.0;-1;-1;-1;-1;-1;-1;-1;-1
912;1732515586.0;50810.0;60.0;19;-1.0;-1.0;19;60.0;-1.0;-1;-1;-1;-1;-1;-1;-1;-1
913;1732515591.0;50868.0;537.0;19;-1.0;-1.0;19;600.0;-1.0;-1;-1;-1;-1;-1;-1;-1;-1
914;1732515596.0;53801.0;285.0;24;-1.0;-1.0;24;300.0;-1.0;-1;-1;-1;-1;-1;-1;-1;-1
915;1732515601.0;43662.0;162.0;12;-1.0;-1.0;12;180.0;-1.0;-1;-1;-1;-1;-1;-1;-1;-1
916;1732515606.0;19608.0;257.0;9;-1.0;-1.0;9;300.0;-1.0;-1;-1;-1;-1;-1;-1;-1;-1
917;1732515611.0;51386.0;352.0;18;-1.0;-1.0;18;420.0;-1.0;-1;-1;-1;-1;-1;-1;-1;-1
918;1732515616.0;51840.0;530.0;20;-1.0;-1.0;20;600.0;-1.0;-1;-1;-1;-1;-1;-1;-1;-1
919;1732515622.0;43804.0;158.0;12;-1.0;-1.0;12;180.0;-1.0;-1;-1;-1;-1;-1;-1;-1;-1
920;1732515627.0;50152.0;515.0;15;-1.0;-1.0;15;600.0;-1.0;-1;-1;-1;-1;-1;-1;-1;-1
921;1732515632.0;50359.0;404.0;15;-1.0;-1.0;15;420.0;-1.0;-1;-1;-1;-1;-1;-1;-1;-1
922;1732515637.0;43948.0;538.0;9;-1.0;-1.0;9;600.0;-1.0;-1;-1;-1;-1;-1;-1;-1;-1
923;1732515642.0;53779.0;178.0;24;-1.0;-1.0;24;180.0;-1.0;-1;-1;-1;-1;-1;-1;-1;-1
924;1732515647.0;51854.0;60.0;16;-1.0;-1.0;16;60.0;-1.0;-1;-1;-1;-1;-1;-1;-1;-1
925;1732515652.0;44647.0;897.0;11;-1.0;-1.0;11;900.0;-1.0;-1;-1;-1;-1;-1;-1;-1;-1
926;1732515657.0;51849.0;865.0;18;-1.0;-1.0;18;900.0;-1.0;-1;-1;-1;-1;-1;-1;-1;-1
927;1732515662.0;51901.0;160.0;17;-1.0;-1.0;17;180.0;-1.0;-1;-1;-1;-1;-1;-1;-1;-1
928;1732515667.0;17935.0;869.0;8;-1.0;-1.0;8;900.0;-1.0;-1;-1;-1;-1;-1;-1;-1;-1
929;1732515672.0;53928.0;57.0;23;-1.0;-1.0;23;60.0;-1.0;-1;-1;-1;-1;-1;-1;-1;-1
930;1732515677.0;585.0;412.0;2;-1.0;-1.0;2;420.0;-1.0;-1;-1;-1;-1;-1;-1;-1;-1
931;1732515682.0;18068.0;525.0;8;-1.0;-1.0;8;600.0;-1.0;-1;-1;-1;-1;-1;-1;-1;-1
932;1732515687.0;921.0;280.0;2;-1.0;-1.0;2;300.0;-1.0;-1;-1;-1;-1;-1;-1;-1;-1
933;1732515692.0;52104.0;588.0;21;-1.0;-1.0;21;600.0;-1.0;-1;-1;-1;-1;-1;-1;-1;-1
934;1732515697.0;48649.0;882.0;12;-1.0;-1.0;12;900.0;-1.0;-1;-1;-1;-1;-1;-1;-1;-1
935;1732515702.0;44422.0;174.0;9;-1.0;-1.0;9;180.0;-1.0;-1;-1;-1;-1;-1;-1;-1;-1
936;1732515707.0;52280.0;875.0;19;-1.0;-1.0;19;900.0;-1.0;-1;-1;-1;-1;-1;-1;-1;-1
937;1732515712.0;50583.0;59.0;15;-1.0;-1.0;15;60.0;-1.0;-1;-1;-1;-1;-1;-1;-1;-1
938;1732515717.0;52007.0;535.0;16;-1.0;-1.0;16;600.0;-1.0;-1;-1;-1;-1;-1;-1;-1;-1
939;1732515722.0;50633.0;285.0;14;-1.0;-1.0;14;300.0;-1.0;-1;-1;-1;-1;-1;-1;-1;-1
940;1732515727.0;53931.0;418.0;24;-1.0;-1.0;24;420.0;-1.0;-1;-1;-1;-1;-1;-1;-1;-1
941;1732515732.0;6279.0;267.0;6;-1.0;-1.0;6;300.0;-1.0;-1;-1;-1;-1;-1;-1;-1;-1
942;1732515737.0;6543.0;255.0;5;-1.0;-1.0;5;300.0;-1.0;-1;-1;-1;-1;-1;-1;-1;-1
943;1732515742.0;45455.0;154.0;10;-1.0;-1.0;10;180.0;-1.0;-1;-1;-1;-1;-1;-1;-1;-1
944;1732515747.0;6790.0;53.0;5;-1.0;-1.0;5;60.0;-1.0;-1;-1;-1;-1;-1;-1;-1;-1
945;1732515752.0;52620.0;560.0;20;-1.0;-1.0;20;600.0;-1.0;-1;-1;-1;-1;-1;-1;-1;-1
946;1732515757.0;53107.0;162.0;19;-1.0;-1.0;19;180.0;-1.0;-1;-1;-1;-1;-1;-1;-1;-1
947;1732515762.0;18514.0;763.0;8;-1.0;-1.0;8;900.0;-1.0;-1;-1;-1;-1;-1;-1;-1;-1
948;1732515767.0;53166.0;366.0;22;-1.0;-1.0;22;420.0;-1.0;-1;-1;-1;-1;-1;-1;-1;-1
949;1732515772.0;53911.0;52.0;20;-1.0;-1.0;20;60.0;-1.0;-1;-1;-1;-1;-1;-1;-1;-1
950;1732515777.0;48157.0;55.0;11;-1.0;-1.0;11;60.0;-1.0;-1;-1;-1;-1;-1;-1;-1;-1
951;1732515782.0;49447.0;153.0;12;-1.0;-1.0;12;180.0;-1.0;-1;-1;-1;-1;-1;-1;-1;-1
952;1732515787.0;50854.0;58.0;15;-1.0;-1.0;15;60.0;-1.0;-1;-1;-1;-1;-1;-1;-1;-1
953;1732515792.0;18680.0;403.0;6;-1.0;-1.0;6;420.0;-1.0;-1;-1;-1;-1;-1;-1;-1;-1
954;1732515797.0;53939.0;768.0;24;-1.0;-1.0;24;900.0;-1.0;-1;-1;-1;-1;-1;-1;-1;-1
955;1732515802.0;19074.0;275.0;6;-1.0;-1.0;6;300.0;-1.0;-1;-1;-1;-1;-1;-1;-1;-1
956;1732515807.0;54232.0;162.0;23;-1.0;-1.0;23;180.0;-1.0;-1;-1;-1;-1;-1;-1;-1;-1
957;1732515812.0;4114.0;391.0;4;-1.0;-1.0;4;420.0;-1.0;-1;-1;-1;-1;-1;-1;-1;-1
958;1732515817.0;52443.0;60.0;17;-1.0;-1.0;17;60.0;-1.0;-1;-1;-1;-1;-1;-1;-1;-1
959;1732515822.0;50878.0;804.0;15;-1.0;-1.0;15;900.0;-1.0;-1;-1;-1;-1;-1;-1;-1;-1
960;1732515827.0;19214.0;592.0;8;-1.0;-1.0;8;600.0;-1.0;-1;-1;-1;-1;-1;-1;-1;-1
961;1732515832.0;52492.0;245.0;14;-1.0;-1.0;14;300.0;-1.0;-1;-1;-1;-1;-1;-1;-1;-1
962;1732515837.0;54241.0;751.0;19;-1.0;-1.0;19;900.0;-1.0;-1;-1;-1;-1;-1;-1;-1;-1
963;1732515842.0;48148.0;53.0;11;-1.0;-1.0;11;60.0;-1.0;-1;-1;-1;-1;-1;-1;-1;-1
964;1732515847.0;54356.0;821.0;20;-1.0;-1.0;20;900.0;-1.0;-1;-1;-1;-1;-1;-1;-1;-1
965;1732515852.0;45501.0;164.0;10;-1.0;-1.0;10;180.0;-1.0;-1;-1;-1;-1;-1;-1;-1;-1
966;1732515857.0;19295.0;164.0;6;-1.0;-1.0;6;180.0;-1.0;-1;-1;-1;-1;-1;-1;-1;-1
967;1732515862.0;934.0;156.0;2;-1.0;-1.0;2;180.0;-1.0;-1;-1;-1;-1;-1;-1;-1;-1
968;1732515867.0;54639.0;274.0;19;-1.0;-1.0;19;300.0;-1.0;-1;-1;-1;-1;-1;-1;-1;-1
969;1732515872.0;4311.0;257.0;4;-1.0;-1.0;4;300.0;-1.0;-1;-1;-1;-1;-1;-1;-1;-1
970;1732515877.0;54904.0;60.0;15;-1.0;-1.0;15;60.0;-1.0;-1;-1;-1;-1;-1;-1;-1;-1
971;1732515882.0;54948.0;511.0;17;-1.0;-1.0;17;600.0;-1.0;-1;-1;-1;-1;-1;-1;-1;-1
972;1732515887.0;54956.0;365.0;20;-1.0;-1.0;20;420.0;-1.0;-1;-1;-1;-1;-1;-1;-1;-1
973;1732515892.0;48152.0;300.0;11;-1.0;-1.0;11;300.0;-1.0;-1;-1;-1;-1;-1;-1;-1;-1
974;1732515897.0;55128.0;832.0;19;-1.0;-1.0;19;900.0;-1.0;-1;-1;-1;-1;-1;-1;-1;-1
975;1732515902.0;55307.0;591.0;22;-1.0;-1.0;22;600.0;-1.0;-1;-1;-1;-1;-1;-1;-1;-1
976;1732515907.0;52664.0;339.0;13;-1.0;-1.0;13;420.0;-1.0;-1;-1;-1;-1;-1;-1;-1;-1
977;1732515912.0;19405.0;591.0;6;-1.0;-1.0;6;600.0;-1.0;-1;-1;-1;-1;-1;-1;-1;-1
978;1732515917.0;55031.0;164.0;15;-1.0;-1.0;15;180.0;-1.0;-1;-1;-1;-1;-1;-1;-1;-1
979;1732515922.0;55191.0;56.0;17;-1.0;-1.0;17;60.0;-1.0;-1;-1;-1;-1;-1;-1;-1;-1
980;1732515927.0;6664.0;778.0;5;-1.0;-1.0;5;900.0;-1.0;-1;-1;-1;-1;-1;-1;-1;-1
981;1732515932.0;55238.0;153.0;14;-1.0;-1.0;14;180.0;-1.0;-1;-1;-1;-1;-1;-1;-1;-1
982;1732515937.0;1005.0;266.0;2;-1.0;-1.0;2;300.0;-1.0;-1;-1;-1;-1;-1;-1;-1;-1
983;1732515942.0;52969.0;54.0;11;-1.0;-1.0;11;60.0;-1.0;-1;-1;-1;-1;-1;-1;-1;-1
984;1732515947.0;55377.0;53.0;16;-1.0;-1.0;16;60.0;-1.0;-1;-1;-1;-1;-1;-1;-1;-1
985;1732515952.0;55390.0;53.0;13;-1.0;-1.0;13;60.0;-1.0;-1;-1;-1;-1;-1;-1;-1;-1
986;1732515957.0;19678.0;156.0;7;-1.0;-1.0;7;180.0;-1.0;-1;-1;-1;-1;-1;-1;-1;-1
987;1732515962.0;55416.0;59.0;14;-1.0;-1.0;14;60.0;-1.0;-1;-1;-1;-1;-1;-1;-1;-1
988;1732515967.0;54236.0;744.0;12;-1.0;-1.0;12;900.0;-1.0;-1;-1;-1;-1;-1;-1;-1;-1
989;1732515972.0;45547.0;851.0;10;-1.0;-1.0;10;900.0;-1.0;-1;-1;-1;-1;-1;-1;-1;-1
990;1732515977.0;55654.0;274.0;23;-1.0;-1.0;23;300.0;-1.0;-1;-1;-1;-1;-1;-1;-1;-1
991;1732515982.0;19810.0;497.0;6;-1.0;-1.0;6;600.0;-1.0;-1;-1;-1;-1;-1;-1;-1;-1
992;1732515987.0;55409.0;55.0;16;-1.0;-1.0;16;60.0;-1.0;-1;-1;-1;-1;-1;-1;-1;-1
993;1732515992.0;55447.0;52.0;14;-1.0;-1.0;14;60.0;-1.0;-1;-1;-1;-1;-1;-1;-1;-1
994;1732515997.0;46374.0;51.0;10;-1.0;-1.0;10;60.0;-1.0;-1;-1;-1;-1;-1;-1;-1;-1
995;1732516002.0;55800.0;555.0;24;-1.0;-1.0;24;600.0;-1.0;-1;-1;-1;-1;-1;-1;-1;-1
996;1732516007.0;7363.0;389.0;5;-1.0;-1.0;5;420.0;-1.0;-1;-1;-1;-1;-1;-1;-1;-1
997;1732516013.0;4306.0;538.0;4;-1.0;-1.0;4;600.0;-1.0;-1;-1;-1;-1;-1;-1;-1;-1
998;1732516018.0;55434.0;178.0;14;-1.0;-1.0;14;180.0;-1.0;-1;-1;-1;-1;-1;-1;-1;-1
999;1732516023.0;46400.0;542.0;10;-1.0;-1.0;10;600.0;-1.0;-1;-1;-1;-1;-1;-1;-1;-1
1000;1732516028.0;7732.0;494.0;5;-1.0;-1.0;5;600.0;-1.0;-1;-1;-1;-1;-1;-1;-1;-1
